City,Pharmacy Name,Address
Acton,Rexall,372 Queen Street
Acton,Shoppers Drug Mart,252 Queen Street 
Acton,Sobeys Pharmacy,372 Queen Street East
Ajax,Bowen's Pharmacy,88 Harwood Avenue South
Ajax,Loblaw Pharmacy,30 Kingston Road West 
Ajax,One Healthcare Pharmacy,300 Rossland Road East
Ajax,Pharma Plus,240 Harwood Avenue South
Ajax,Rexall,7-955 Westney Road South
Ajax,Rexall,17-475 Westney Road North
Ajax,Shoppers Drug Mart,"15 Westney Road North, Unit 1 "
Ajax,Shoppers Drug Mart,314 Harwood Avenue 
Ajax,Shoppers Drug Mart,1971 Salem Road North 
Ajax,Shoppers Drug Mart,95 Williamson Drive West 
Ajax,Wynplus Pharmacy,A7-81 Middlecote Drive
Alban,Pharmacie Alban Pharmacy,101-24 Delamere Road
Alexandria,Shoppers Drug Mart,320 Main Street South 
Alfred,Pharmacie Alfred,542 St. Philippe Street
Alliston,Drug Store Pharmacy,30 King Street South 
Alliston,Rexall,149 Young Street
Alliston,Shoppers Drug Mart,67 Victoria Street East 
Almonte,Almonte Pharmacy and Health Centre,5-10 Houston Drive
Almonte,Rexall,430 Ottawa Street
Almonte,Shoppers Drug Mart,376 Ottawa Street 
Amherstburg,Old Town Pharmacy,80 Richmond Street
Amherstburg,Rexall,71 Sandwich Street South
Amherstburg,Shoppers Drug Mart,199 Sandwich Street South 
Amherstview,Loyalist Pharmacy,102-200 Speers Boulevard
Amherstview,Shoppers Drug Mart,15 Sherwood Avenue 
Ancaster,Drug Store Pharmacy,54 Wilson Street West 
Ancaster,People's Pharmachoice,5-35 Stone Church Road
Ancaster,Rexall,370 Wilson Street East
Ancaster,Shoppers Drug Mart,1000 Golflinks Road 
Ancaster,Shoppers Drug Mart,47 Wilson Street West 
Ancaster,Sobeys Pharmacy,977 Golf Links Road
Angus,Shoppers Drug Mart,247 Mill Street County 90
Arnprior,Rexall,22 Baskin Drive East
Arnprior,Shoppers Drug Mart,55 Elgin Street West 
Atikokan,Rexall,123 Marks Street
Aurora,Allaura Pharmacy Ida,12-2 Allaura Boulevard
Aurora,Aurora Ida Pharmacy,B1-25 William Graham Drive
Aurora,Enhanced Care Pharmacy,14872 Yonge Street
Aurora,Lighthouse Ida Compounding Pharmacy,130 Holidge Boulevard
Aurora,Multicare Specialty Pharmacy,14987 Yonge Street
Aurora,Shoppers Drug Mart,15408 Yonge Street 
Aurora,Shoppers Drug Mart,14729 Yonge Street 
Aurora,Shoppers Drug Mart,446 Hollandview Trail 
Aurora,Wellness Clinical Pharmacy,2-15450 Yonge Street
Avonmore,Avonmore Pharmacy,3287 Main Street
Aylmer,Drug Store Pharmacy,657 John Street 
Azilda,Rexall,93 Notre Dame Street West
Bancroft,Shoppers Drug Mart,118 Hastings Street North 
Barrie,Drug Store Pharmacy,11 Bryne Drive 
Barrie,Drug Store Pharmacy,620 Yonge Street 
Barrie,Dunlop Pharmacy,3-7 Anne Street South
Barrie,Eagle Ridge Pharmacy,103-480 Huronia Road
Barrie,Ferndale Pharmacy,7-211 Ferndale Drive South
Barrie,Grove Street Pharmacy,15-477 Grove Street East
Barrie,Letitia Pharmacy,L-420 Leacock Drive
Barrie,Loblaw Pharmacy,607 Cundles Road East 
Barrie,Loblaw Pharmacy,472 Bayfield Street 
Barrie,Mapleview Healthcare Pharmacy,6-555 Mapleview Drive West
Barrie,Mapleview Medical Pharmacy,"225 Mapleview Drive East, Unit 2"
Barrie,Pharma Plus,29-320 Bayfield Street
Barrie,Pharma Plus,353 Duckworth Street
Barrie,Pharma Plus,121 Wellington Street West
Barrie,Pharmasave,301- Blake Street
Barrie,Primary Care Pharmacy,370 Bayview Drive
Barrie,Rexall,567 Essa Road
Barrie,Rexall,190 Cundles Road
Barrie,Rexall,68 Maple Avenue
Barrie,Shoppers Drug Mart,165 Wellington Street West 
Barrie,Shoppers Drug Mart,420 Essa Road 
Barrie,Shoppers Drug Mart,279 Yonge Street 
Barrie,Shoppers Drug Mart,524 Bayfield Street North 
Barrie,Shoppers Drug Mart,567 Cundles Road East 
Barrie,Shoppers Drug Mart,831 Big Bay Point Road 
Barrie,Shoppers Drug Mart,"509 Bayfield Street, Unit C2"
Barrie,Shoppers Drug Mart,649 Yonge Street 
Barrie,Shoppers Drug Mart,380 Mapleview Drive West 
Barrie,Springwater Pharmacy,1017 Carson Road
Beamsville,Rexall,4486 Ontario Street
Beamsville,Shoppers Drug Mart,5005 Serena Drive 
Beaverton,Drug Store Pharmacy,30B Beaver Avenue 
Beeton,Shoppers Drug Mart,50 Main Street East
Belle River,Shoppers Drug Mart,330 Notre Dame Street
Belleville,Drug Store Pharmacy,400 Dundas Street East 
Belleville,Rexall,173 Dundas Street East
Belleville,Rexall,104-210 Dundas Street East
Belleville,Shoppers Drug Mart,390 North Front Street 
Belleville,Shoppers Drug Mart,150 Sidney Street 
Belleville,Shoppers Drug Mart,405 Dundas Street East 
Belmont,Belmont Pharmacy,14091 Belmont Road
Binbrook,Binbrook Family Health Pharmacy,B6-2537 Regional Road 56
Binbrook,Shoppers Drug Mart,3027 Binbrook Road West 
Blenheim,Mcintyre Ida Pharmacy,49 Talbot Street West
Blenheim,Shoppers Drug Mart,21 Chatham Street North 
Bobcaygeon,Pharmasave,101 East Street
Bobcaygeon,Shoppers Drug Mart,85 Bolton Street 
Bolton,Drug Store Pharmacy,487 Queen Street South 
Bolton,Rexall,405 Queen Street South
Bolton,Shoppers Drug Mart,1 Queensgate Boulevard 
Bowmanville,Bowmanville Pharmacy,4-133 King Street East
Bowmanville,Loblaw Pharmacy,2375 Highway 2
Bowmanville,Mcgregor Ida Drugs,5 King Street West
Bowmanville,Shoppers Drug Mart,3-2401 Highway 2 
Bowmanville,Shoppers Drug Mart,243 King Street East 
Bowmanville,Shoppers Drug Mart,570 Longworth Avenue 
Bracebridge,Drug Store Pharmacy,270 Wellington Street 
Bracebridge,Rexall,3-36 Macdonald Street
Bracebridge,Rexall,55 Highway 118 West
Bracebridge,Shoppers Drug Mart,1-248 Manitoba Street 
Bradford,Loblaw Pharmacy,500 Holland Street West
Bradford,Pharmalink Ida Pharmacy,2-456 Holland Street West
Bradford,Rexall,461 Holland Street West Building 0
Bradford,Shoppers Drug Mart,140 Holland Street West 
Brampton,Bramcity Pharmacy,14 Lisa Street
Brampton,Bramtown Pharmacy,102-111 Queen Street West
Brampton,Brinkley Pharmacy,3-11670 Hurontario
Brampton,Charolais Pharmacy,305 Charolais Boulevard
Brampton,Copper Ridge I.D.A. Pharmacy,B2-8015 Financial Drive
Brampton,Credit Ridge Remedy's Rx,7-9525 Mississauga Road
Brampton,Downtown Brampton Pharmacy,192 Queen Street West
Brampton,Drug Store Pharmacy,55 Mountainash Road 
Brampton,Drug Store Pharmacy,295 Queen Street East 
Brampton,Drug Store Pharmacy,35 Worthington Avenue 
Brampton,Drug Store Pharmacy,70 Clementine Drive 
Brampton,Dusk Ida Pharmacy,55 Dusk Drive
Brampton,Freshco Pharmacy,3998 Cottrelle Boulevard
Brampton,Freshco Pharmacy,8405 Financial Drive Unit 11
Brampton,Inspired Pharmacy,128 Inspire Boulevard
Brampton,Loblaw Pharmacy,85 Steeles Avenue West 
Brampton,Loblaw Pharmacy,60 Quarry Edge Drive 
Brampton,Mayfield Pharmacare,3068 Mayfield Road Unit 8-9
Brampton,Peel Pharmacy,345 Queen Street West
Brampton,Pharmacy By The Grange,9-10 275 Dundas Street West 
Brampton,Pharmasave,104-60 Lacoste Boulevard
Brampton,Potters Wheel Pharmacy,3-10725 Mclaughlin Road
Brampton,Queen Best Pharmacy,8-215 Queen Street East
Brampton,Rexall,398 Queen Street West
Brampton,Rexall,10035 Hurontario Street Units 13-15
Brampton,Rexall,2100 Bovaird Drive
Brampton,Rexall,499 Main Street South
Brampton,Rexall,227 Vodden Street East
Brampton,Rexall,10425 Kennedy Road North
Brampton,Rexall,A01-545 Steeles Avenue West
Brampton,Save On Rx Brampton,7700 Hurontario Street Unit 309B-310A
Brampton,Shoppers Drug Mart,980 Central Park Drive 
Brampton,Shoppers Drug Mart,930 North Park Drive 
Brampton,Shoppers Drug Mart,34A Avondale Boulevard 
Brampton,Shoppers Drug Mart,379-25 Peel Centre Drive 
Brampton,Shoppers Drug Mart,160 Main Street South Unit 2 
Brampton,Shoppers Drug Mart,49 Mountain Ash Road 
Brampton,Shoppers Drug Mart,1 Kennedy Road South 
Brampton,Shoppers Drug Mart,8965 Chinguacousy Road 
Brampton,Shoppers Drug Mart,25 Great Lakes Drive 
Brampton,Shoppers Drug Mart,11965 Hurontario Street 
Brampton,Shoppers Drug Mart,10088 Mclaughlin Road 
Brampton,Shoppers Drug Mart,10661 Chinguacousy Road 
Brampton,Shoppers Drug Mart,3938 Cottrelle Boulevard 
Brampton,Shoppers Drug Mart,366 Main Street North 
Brampton,Shoppers Drug Mart,10970 Airport Road Unit B 
Brampton,Shoppers Drug Mart,10665 Bramalea Road 
Brampton,Shoppers Drug Mart,520 Charolais Boulevard 
Brampton,Shoppers Drug Mart,380 Bovaird Drive East Unit 26 
Brampton,Sobeys Pharmacy,8975 Chinguacousy Road
Brampton,Southgate Pharmacy,11c-700 Balmoral Drive
Brampton,Spring Valley Pharmacy,5-15 Ashby Field Road
Brampton,Sunnyvale Medical Centre and Pharmacy,11-50 Sunnyvale Gate
Brampton,Ultra Med Pharmacy,31 Steeple Bush Avenue Unit 4
Brampton,West Brampton Pharmacy,4-80 Clementine Drive
Brampton,Whole Health Pmcy Riverview,75 Montpelier Street Unit E105
Brantford,Cenpro Pharmacy,72 Brant Avenue
Brantford,Drug Store Pharmacy,410 Fairview Drive 
Brantford,Freshco Pharmacy,50 Market Street South
Brantford,Loblaw Pharmacy,290 King George Road North 
Brantford,Loblaw Pharmacy,603 Colborne Street 
Brantford,Rexall,260 St. Paul Avenue
Brantford,Rexall,117-99 Wayne Gretzky Parkway
Brantford,Shoppers Drug Mart,1A-225 Fairview Drive 
Brantford,Shoppers Drug Mart,84 Lynden Road 
Brantford,Shoppers Drug Mart,10 Stanley Street Unit 6 
Brantford,Shoppers Drug Mart,320 Colborne Street 
Brantford,Shoppers Drug Mart,269 Clarence Street 
Brantford,Shoppers Drug Mart,1-185 King George Road 
Brantford,University Pharmacy,160 Colborne Street
Brechin,Brechin Pharmacy,2280 Highway 12
Brighton,Drug Store Pharmacy,155 Elizabeth Street 
Brighton,Rexall,1 Main Street
Brights Grove,Shoppers Drug Mart,2600 New Lakeshore Road 
Brockville,Drug Store Pharmacy,1792 Parkedale Avenue 
Brockville,Leeds Pharmacy,C-163 Ormond Street
Brockville,Parkedale Pharmacy,2235 Parkedale Avenue
Brockville,Rexall,30 Pearl Street West
Brockville,Shoppers Drug Mart,27-2399 Parkedale Avenue 
Brockville,Shoppers Drug Mart,126 King Street West 
Brooklin,Medical Centre Pharmacy,5959 Anderson Street
Brooklin,Shoppers Drug Mart,5979 Baldwin Street South 
Burlington,Loblaw Pharmacy,5111 New Street 
Burlington,Loblaw Pharmacy,1059 Plains Road East 
Burlington,Loblaw Pharmacy,2025 Guelph Line 
Burlington,Loblaw Pharmacy,2515 Appleby Line 
Burlington,Lsv Pharmacy,1-4057 New Street
Burlington,Morelli's Pharmacy,1225 Fairview Street
Burlington,Morelli's Pharmacy,2900 Walkers Line
Burlington,Mount Royal Pharmacy,2047 Mount Forest Drive
Burlington,Pharmasave,728 Burloak Drive
Burlington,Plains Road West Pharmacy,29 Plains Road West
Burlington,Progressive Pharmacy,3-678 Guelph Line
Burlington,Rexall,5061 New Street
Burlington,Rexall,2400 Guelph Line
Burlington,Rexall,2201 Brant Street
Burlington,Shoppers Drug Mart,D1-777 Guelph Line 
Burlington,Shoppers Drug Mart,5353 Lakeshore Road East 
Burlington,Shoppers Drug Mart,2080 Appleby Line 
Burlington,Shoppers Drug Mart,3051 Walkers Line 
Burlington,Shoppers Drug Mart,3023 New Street 
Burlington,Shoppers Drug Mart,900 Maple Avenue Unit A6A
Burlington,Shoppers Drug Mart,503 Plains Road East 
Burlington,Shoppers Drug Mart,4524 New Street 
Burlington,Shoppers Drug Mart,1450 Headon Road 
Burlington,Shoppers Drug Mart,2211 Brant Street 
Burlington,Shoppers Drug Mart,3505 Upper Middle Road 
Burlington,Shoppers Drug Mart,3035 Appleby Line 
Burlington,Shoppers Drug Mart,2951 Walkers Line 
Burlington,Sobeys Pharmacy,1250 Brant Street
Caledonia,Loblaw Pharmacy,322 Argyle Street South 
Caledonia,Rexall,351 Argyle Street South
Caledonia,Shoppers Drug Mart,221 Argyle Street South 
Cambridge,Bishop Pharmacy Pharmachoice,111-1515 King Street East
Cambridge,Cambridge Drugs,A3-525 Saginaw Parkway
Cambridge,Carerx Cambridge,L-1165 Franklin Boulevard
Cambridge,Drug Store Pharmacy,400 Conestoga Boulevard 
Cambridge,Drug Store Pharmacy,200 Franklin Boulevard 
Cambridge,Forbes Park Pharmacy,26 Forbes Street
Cambridge,Freshco Pharmacy,1 Hespeler Road
Cambridge,Hespeler Pharmacy,1000 Jamieson Parkway Unit 13
Cambridge,Highland Plaza Ida,75 Dundas Street North
Cambridge,Myers Pharmacy,107-685 Myers Road
Cambridge,Pharmacy On Main,76 Main Street
Cambridge,Pharmasave,104-745 Coronation Boulevard
Cambridge,Rexall,350 Conestoga Boulevard Unit B-7-8
Cambridge,Shoppers Drug Mart,499 Hespeler Road 
Cambridge,Shoppers Drug Mart,1-115 Dundas Street 
Cambridge,Shoppers Drug Mart,23-130 Cedar Street 
Cambridge,Shoppers Drug Mart,1500 King Street East 
Cambridge,Shoppers Drug Mart,137 Water Street North 
Cambridge,Shoppers Drug Mart,101 Holiday Inn Drive 
Cambridge,Shoppers Drug Mart,950 Franklin Boulevard 
Cambridge,Silverheights Pharmacy,165 Fisher Mills Road
Campbellville,Campbellville Pharmacy,35 Crawford Crescent
Cardinal,Rexall,2100 Dundas Street
Carleton Place,Loblaw Pharmacy,455 Mcneely Avenue 
Carleton Place,Shoppers Drug Mart,315 Mcneely Avenue 
Carleton Place,Shoppers Drug Mart,299 Lake Avenue East 
Chapleau,Model Guardian Drug Store,32 Birch Street East
Chatham,Chatham Centre Pharmacy,100 King Street West
Chatham,Drug Store Pharmacy,791 Street Clair Street North 
Chatham,Rexall,403 Mcnaughton Avenue West
Chatham,Rexall,401 St. Clair Street
Chatham,Shoppers Drug Mart,485 Grand Avenue West 
Chatham,Shoppers Drug Mart,416 St. Clair Street 
Chatham,Shoppers Drug Mart,420 Queen Street 
Chelmsford,Loblaw Pharmacy,4764-17 Regional Road 15 
Chesley,Rexall,55 First Avenue South
Cobourg,Shoppers Drug Mart,270 Spring Street 
Colborne,Downey Pharmacy,3 King Street East
Collingwood,Collingwood Health Centre Pharmacy,186 Erie Street
Collingwood,Loblaw Pharmacy,12 Hurontario Street 
Collingwood,Rexall,1 Huron Street
Collingwood,Shoppers Drug Mart,175 First Street 
Collingwood,Stuart Ellis Pharmacy,169 Hurontario Street
Concord,Shoppers Drug Mart,9200 Dufferin Street 
Cornwall,Drug Store Pharmacy,31 Ninth Street East 
Cornwall,Shoppers Drug Mart,1 Water Street East 
Cornwall,Shoppers Drug Mart,1236 Brookdale Avenue 
Cornwall,Shoppers Drug Mart,1380 2nd Street East 
Corunna,Shoppers Drug Mart,420 Lyndock Street 
Cottam,Cottam Pharmacy,125 County Road 34 West
Courtice,Courtice Clinic Pharmacy,1656 Nash Road Units 2-3
Courtice,Health Centre Pharmacy,1450 Highway 2
Courtice,Shoppers Drug Mart,1428 Highway 2 
Courtice,Shoppers Drug Mart,1645 Highway 2 Building B
Courtice,Townline Pharmacy,10a-1414 King Street East
Creemore,Creemore Village Pharmacy,171 Mill Street
Dorchester,Shoppers Drug Mart,2300 Dorchester Road 
Downsview,Norfinch Pharmacy,2100 Finch Avenue West
Downsview,Rexall,4702 Jane Street
Downsview,The Medical Pharmacy,4430 Bathurst Street
Downsview,Yorkview Chemist,3695 Keele Street
Dryden,Shoppers Drug Mart,25 Duke Street 
Dundas,Rexall,60 Hatt Street
Dundas,Shoppers Drug Mart,101 Osler Drive Unit 102
Dundas,Shoppers Drug Mart,133 King Street West 
Dunnville,Rexall,155 Lock Street East
East Gwillimbury,Shoppers Drug Mart,18293 Yonge Street 
East York,Broadview North Pharmacy,1123 Broadview Avenue
East York,Halsey Compounding Pharmacy,2-100 Halsey Avenue
East York,Pharmasave,102-840 Coxwell Avenue
Elgin,Elgin Drugs,14 Main Street
Elliot Lake,Drug Store Pharmacy,177 Highway 108 North
Elliot Lake,Freitag's Pharmacy,36 Prince Edward Walk
Elliot Lake,Rexall,31 Nova Scotia Walk
Elliot Lake,Shoppers Drug Mart,220 Ontario Avenue 
Elmira,Shoppers Drug Mart,11 Arthur Street North 
Elmvale,Whitfield Guardian,16 Queen Street West
Elora,Elora Apothecary,B-115 Geddes Street
Elora,Shoppers Drug Mart,89 Geddes Street 
Embrun,Shoppers Drug Mart,703 Notre Dame Street Rural Road 3 
Englehart,Rx Drug Mart,63 5th Street
Erin,Rexall,123 Main Street
Espanola,Drug Store Pharmacy,745 Centre Street 
Essex,Essex Pharma Care Pharmacy,1-35 Victoria Avenue
Essex,Shoppers Drug Mart,5 Talbot Street South 
Etobicoke,Akron Pharmacy,2318 Lakeshore Boulevard West
Etobicoke,Andrew's Pharmacy,3832 Bloor Street West
Etobicoke,Clinic Plus I.D.A Pharmacy,10 Neighbourhood Lane
Etobicoke,Danny's Wellness Pharmacy,1206 The Queensway
Etobicoke,Kipling and Queensway Pharmacy,1255 The Queensway Suite 20
Etobicoke,Liberty Senior Care Pharmacy,365 Evans Avenue Unit 105a
Etobicoke,Martin Grove Pharmacy,135 Martin Grove Road
Etobicoke,One Eva Pharmacy,100-1 Eva Road
Etobicoke,Rexall,4890 Dundas Street West
Etobicoke,Rexall,250 The East Mall
Etobicoke,Rexall,190 Sherway Drive
Etobicoke,Unicare Pharmacy,3170 Lakeshore Boulevard West
Etobicoke,Wellness Centre Pharmacy,230 Browns Line
Everett,Everett Pharmacy,4-8069 Main Street East
Exeter,Drug Store Pharmacy,62 Thames Road East 
Exeter,Huron Apothecary,440 Main Street
Fenelon Falls,Fenelon Falls Pharmacy,53 Colborne Street
Fergus,Centre Wellington Remedy's Rx,1-855 St. David Street North
Fergus,Drug Store Pharmacy,800 Tower Street South 
Fergus,Fergus Pharmacy and Compounding,B-500 Garafraxa Street East
Fergus,Shoppers Drug Mart,710 Tower Street South 
Fergus,St. Andrew Pharmacy,108 St. Andrew Street West
Fergus,Tower Street Pharmacy,769 Tower Street South
Fergus,Trailside Pharmacy,101-6420 Beatty Line North
Fonthill,Family Health Pharmacy Pelham,A6-130 Highway 20 East
Fonthill,Shoppers Drug Mart,20 Highway 20 East
Fort Erie,Drug Store Pharmacy,1135 Thompson Road 
Fort Erie,Rexall,310-C Garrison Road
Fort Erie,Shoppers Drug Mart,450 Garrison Road 
Fort Frances,Shoppers Drug Mart,375 Scott Street 
Gananoque,Shoppers Drug Mart,615 Kings Street East 
Garson,Nickel Centre Pharmacy,10-3098 Falconbridge Highway
Georgetown,Freshco Pharmacy,325 Guelph Street
Georgetown,King Cove Ida Pharmacy,4-156 Guelph Street
Georgetown,Loblaw Pharmacy,171 Guelph Street 
Georgetown,Mountainview Guardian Pharmacy,11-378 Mountainview Road South
Georgetown,Pharmasave,280 Guelph Street Unit23
Georgetown,Shoppers Drug Mart,265 Guelph Street
Georgetown,Shoppers Drug Mart,333 Mountainview Road South 
Georgetown,Young's Pharmacy And Homecare,47 Main Street South
Geraldton,Rexall,305 Main Street
Gloucester,Loblaw Pharmacy,1619 Orleans Boulevard 
Gloucester,Loblaw Pharmacy,671 River Road 
Gloucester,Loblaw Pharmacy,1226 Place D'Orleans Drive 
Gloucester,Rexall,144-1980 Ogilvie Road
Gloucester,Shoppers Drug Mart,2638 Innes Road 
Gloucester,Shoppers Drug Mart,2012 Ogilvie Road 
Gloucester,Shoppers Drug Mart,647 Earl Armstrong Road 
Goderich,Drug Store Pharmacy,Highway 8
Goderich,Pharma Plus,67 Kingston Street
Grand Bend,Shoppers Drug Mart,65 Main Street East
Gravenhurst,Drug Store Pharmacy,290 First Street North 
Gravenhurst,Gravenhurst Ida Pharmacy,180 Brock Street
Gravenhurst,Shoppers Drug Mart,511 Muskoka Road South 
Grimsby,Drug Store Pharmacy,361 South Service Road 
Grimsby,Shoppers Drug Mart,150 Main Street East 
Grimsby,Shoppers Drug Mart,42 Street Andrews Avenue Unit 1
Guelph,Drug Store Pharmacy,160 Kortright Road West 
Guelph,Drug Store Pharmacy,1045 Paisley Road 
Guelph,Life Care Pharmacy,23 Victoria Road North Unit C
Guelph,Loblaw Pharmacy,124 Clair Road East 
Guelph,Loblaw Pharmacy,297 Eramosa Road 
Guelph,Loblaw Pharmacy,191 Silvercreek Parkway 
Guelph,Pharmasave,1515 Gordon Street
Guelph,Prime Care Pharmacy Arboretum,281 Stone Road East Unit 103
Guelph,Rexall,55 Wyndham Street
Guelph,Rexall,140-666 Woolwich Street
Guelph,Rexall,265 Eramosa Road
Guelph,Rexall,103-105 Silvercreek Parkway North
Guelph,Shoppers Drug Mart,377 Eramosa Road 
Guelph,Shoppers Drug Mart,104 Silver Creek Parkway North 
Guelph,Shoppers Drug Mart,K4-435 Stone Road West 
Guelph,Shoppers Drug Mart,615 Scottsdale Drive 
Guelph,Shoppers Drug Mart,7 Clair Road West 
Guelph,South End Pharmacy,2-115 Downey Road
Guelph,Uc Pharmacy,50 Stone Road East
Guelph,Westminster Square Remedy's Rx,4-33 Farley Drive
Guelph,Willow Pharmacy,47-8 Willow Road
Guelph,Woodlawn Pharmacy,472 Woodlawn Road East
Haileybury,Smallman Pharmacy,368 Main Street
Haliburton,Drug Store Pharmacy,5121 County Road 21 
Haliburton,Rexall,224 Highland Street
Haliburton,Shoppers Drug Mart,186 Highland Street 
Hamilton,Axis Health Care Plus Pharmacy,1079 Barton Street East
Hamilton,Axis Health Care Plus Pharmacy,908 Garth Street
Hamilton,Hamilton General Drugstore,Room 2-400 237 Barton Street East
Hamilton,Healthshare Medical Pharmacy,574 Upper James Street
Hamilton,King Medical Pharmacy,5-505 King Street West
Hamilton,Limeridge Medical Pharmacy,849 Upper Wentworth Street
Hamilton,Loblaw Pharmacy,65 Mall Road 
Hamilton,Loblaw Pharmacy,75 Centennial Parkway North 
Hamilton,Loblaw Pharmacy,1579 Main Street West 
Hamilton,Loblaw Pharmacy,50 Dundurn Street 
Hamilton,Lopresti Pharmacy,770 Concession Street
Hamilton,Mcmaster Drugstore,1200 Main Street West
Hamilton,Medical Arts Pharmacy,179 James Street South
Hamilton,Medical Pharmacy,597 Barton Street East
Hamilton,Nebo Medical Pharmacy,260 Nebo Drive
Hamilton,New Day Barton Ida Pharmacy,664 Barton Street East
Hamilton,People's Pharmachoice,4-30 Rymal Road East
Hamilton,Pharmasave,2-205 Melvin Avenue
Hamilton,Rexall,21-640 Mohawk Road West
Hamilton,Rexall,447 Main Street East
Hamilton,Rexall,18-2 King Street West
Hamilton,Rexall,930 Upper Paradise Road 13
Hamilton,Rexall,505 Rymal Road East
Hamilton,Rexall,1395 Upper Ottawa Street
Hamilton,Rexall,517 Upper Sherman Avenue
Hamilton,Rexall,1119 Fennell Avenue
Hamilton,Rexall,234 Parkdale Avenue North
Hamilton,Rexall,730 Upper James Street
Hamilton,Rexall,126 Queenston Road
Hamilton,Rexall,331 Dundurn Street
Hamilton,Sherman Ida Pharmacy,675 Rymal Road East
Hamilton,Shoppers Drug Mart,1-210 Mohawk Road East 
Hamilton,Shoppers Drug Mart,399 Greenhill Avenue
Hamilton,Shoppers Drug Mart,661 Upper James Street 
Hamilton,Shoppers Drug Mart,801 Mohawk Road West 
Hamilton,Shoppers Drug Mart,999 Upper Wentworth Street
Hamilton,Shoppers Drug Mart,753 Main Street East 
Hamilton,Shoppers Drug Mart,113 Herkimer Street 
Hamilton,Shoppers Drug Mart,902 Mohawk Road East 
Hamilton,Shoppers Drug Mart,232 Cannon Street East 
Hamilton,Shoppers Drug Mart,75 Centennial Parkway North 
Hamilton,Shoppers Drug Mart,1183 Barton Street East 
Hamilton,Shoppers Drug Mart,1599 Upper James Street 
Hamilton,Shoppers Drug Mart,963 Fennell Avenue East 
Hamilton,Shoppers Drug Mart,1300 Garth Street 
Hamilton,Shoppers Drug Mart,991 King Street West 
Hamilton,Shoppers Drug Mart,1900 King Street East 
Hamilton,Shoppers Drug Mart,1411 Upper Sherman Avenue 
Hamilton,Shoppers Drug Mart,510 Concession Street
Hamilton,Shoppers Drug Mart,620 King Street West 
Hamilton,Shoppers Drug Mart,1341 Main Street West 
Hamilton,Shoppers Drug Mart,181 Main Street West 
Hamilton,Sutherland's Pharmacy Limited,180 James Street South
Hamilton,Tls Regal Care Drug Mart,2-480 Stone Church Road East
Hamilton,Village Pharmacy,393 Rymal Road West
Hamilton,Westmount Pharmacy,200-723 Rymal Road West
Hanmer,Loblaw Pharmacy,5200 Highway 69 North
Hanmer,Shoppers Drug Mart,5118 Highway 69 North 
Hannon,Shoppers Drug Mart,2110 Rymal Road East 
Hanover,Loblaw Pharmacy,832 Tenth Street 
Hanover,Pharmasave,101-118 7th Avenue
Hanover,Rexall,342 Tenth Street
Hanover,Shoppers Drug Mart,895 10th Street 
Harrow,Shoppers Drug Mart,69 King Street East 
Harrowsmith,Harrowsmith Pharmacy,2-4937 Highway 38
Hawkesbury,Drug Store Pharmacy,1560 Cameron Street 
Hawkesbury,Shoppers Drug Mart,400 Spence Avenue 
Hawkesbury,St-Denis Hawkesbury Pharmacy,214 Main Street East
Hearst,Pharmacie Novena,1509 Highway 11 West
Huntsville,Huntsville's Hometown Ida Drug,10 Main Street East
Huntsville,Loblaw Pharmacy,131 Howland Drive 
Huntsville,Shoppers Drug Mart,51 King William Street 
Ingersoll,Pharmasave,1-19 King Street
Ingersoll,Shoppers Drug Mart,120 Thames Street North 
Innisfil,Alcona 2 Pharmacy,1354 Innisfil Beach Road Unit 6
Innisfil,Alcona Pharmacy,14-1070 Innisfil Beach Road
Innisfil,Pharma Plus,7975 Yonge Street
Innisfil,Shoppers Drug Mart,1145 Innisfil Beach Road 
Inverary,Pharmasave,3810 Perth Road
Islington,Shoppers Drug Mart,5230 Dundas Street West
Islington,Shoppers Drug Mart,1500 Islington Avenue 
Kanata,Drug Store Pharmacy,760 Eagleson Road 
Kanata,Loblaw Pharmacy,200 Earle Grey Drive 
Kanata,Rexall,300 Eagleson Road
Kanata,Rexall,4048 Carling Avenue
Kanata,Rexall,832 March Road
Kanata,Shoppers Drug Mart,10-499 Terry Fox Drive 
Kanata,Shoppers Drug Mart,680 Eagleson Road 
Kanata,Shoppers Drug Mart,420 Hazeldean Road 
Kanata,Shoppers Drug Mart,1102 Klondike Road Rural Road 1
Kapuskasing,Loblaw Pharmacy,55 Brunetville Road 
Kapuskasing,Rexall,142 Progress Crescent Unit B
Kapuskasing,Shoppers Drug Mart,25 Brunetville Road 
Kemptville,Loblaw Pharmacy,1-2600 Highway 43 West
Kemptville,Shoppers Drug Mart,2727 Country Road 43 
Kenora,Loblaw Pharmacy,538 Park Street 
Kenora,Shoppers Drug Mart,305 Main Street South 
Keswick,Loblaw Pharmacy,24018 Woodbine Avenue 
Keswick,Rexall,C-76 Arlington Drive
Keswick,Shoppers Drug Mart,411 The Queensway South
Kincardine,Pharmasave,767 Queen Street
Kincardine,Rexall,1116 Sutton Street
Kincardine,Shoppers Drug Mart,781 Broadway Street 
King City,Shoppers Drug Mart,2140 King Road 
Kingston,Amherstview Drugs,4499 Bath Road
Kingston,Bayridge Pharmacy,2790 Princess Street
Kingston,Bryan's Pharmacy,235 Gore Road
Kingston,Drug Store Pharmacy,1030 Coverdale Drive 
Kingston,Freshco Pharmacy,2327 Princess Street
Kingston,Loblaw Pharmacy,1048 Midland Avenue 
Kingston,Loblaw Pharmacy,1100 Princess Street 
Kingston,Loblaw Pharmacy,1162 Division Street 
Kingston,Lovell Drugs,166 Brock Street
Kingston,Med+ Pharmacy,277 Bath Road
Kingston,Medical Tree Pharmacy,6-795 Gardiners Road
Kingston,Milford Pharmacy,728 Milford Drive
Kingston,Quarry Medical Pharmacy,100 Princess Street
Kingston,Reddendale Pharmacy,732 Front Road
Kingston,Rexall,817 Edgar Street
Kingston,Rexall,1036 Princess Street
Kingston,Rexall,240 Montreal Street
Kingston,Riverdale Pharmacy,B1-1218 Highway 15
Kingston,Shoppers Drug Mart,1201 Division Street 
Kingston,Shoppers Drug Mart,445 Princess Street 
Kingston,Shoppers Drug Mart,136 Princess Street 
Kingston,Shoppers Drug Mart,1875 Bath Road 
Kingston,Shoppers Drug Mart,775 Strand Boulevard 
Kingston,Shoppers Drug Mart,797 Princess Street 
Kingston,Shoppers Drug Mart,105 Sutherland Drive 
Kingston,Shoppers Drug Mart,1011 Princess Street 
Kingston,Shoppers Drug Mart,823 Highway 15 
Kingston,Shoppers Drug Mart,L074-945 Gardiners Road 
Kingston,Shoppers Drug Mart,100-2437 Princess Street 
Kingston,Walmart Pharmacy,1130 Midland Avenue
Kingsville,Kingsville Ida Pharmacy,271 Main Street East
Kingsville,Loblaw Pharmacy,300 Main Street South 
Kingsville,Shoppers Drug Mart,370 Main Street East 
Kirkland Lake,Kirkland Pharmacy,38 Government Road West
Kirkland Lake,Loblaw Pharmacy,15 Mcchesney Avenue 
Kitchener,A and K Pharmacy,204-301 King Street East
Kitchener,Activa Pharmacy,7-192 Activa Avenue
Kitchener,Belgage Pharmacy,525 Belmont Avenue West
Kitchener,Carpenter Guardian Pharmacy,501 Krug Street
Kitchener,Cook's Pharmacy,201-1450 Block Line Road
Kitchener,Drug Store Pharmacy,1005 Ottawa Street North 
Kitchener,Drug Store Pharmacy,750 Ottawa Street South 
Kitchener,Frederick Mall Pharmacy,385 Frederick Street Unit 15
Kitchener,J and K Pharmacy,15-248 Stirling Avenue South
Kitchener,Loblaw Pharmacy,1375 Weber Street East 
Kitchener,Loblaw Pharmacy,875 Highland Road West 
Kitchener,Medication Centre Pharmacy,911 Queens Boulevard
Kitchener,Ottawa and River Ida Pharmacy,110-1020 Ottawa Street North
Kitchener,Pharmasave,200-450 Frederick Street
Kitchener,Pharmasave,1144 Courtland Avenue East
Kitchener,Rexall,324 Highland Road West
Kitchener,Rexall,851 Fischer-Hallman Road
Kitchener,Rexall,537 Frederick Street
Kitchener,Rexall,696 Belmont Street West
Kitchener,Rexall,16-1405 Ottawa Street North
Kitchener,Rockway Pharmacy,5-815 Weber Street East
Kitchener,Shoppers Drug Mart,700 Streetrasburg Road 
Kitchener,Shoppers Drug Mart,B1-1400 Ottawa Street South 
Kitchener,Shoppers Drug Mart,1221 Weber Street 
Kitchener,Shoppers Drug Mart,123 Pioneer Drive 
Kitchener,Shoppers Drug Mart,563 Highland Road West 
Kitchener,Shoppers Drug Mart,1005 Ottawa Street North 
Kitchener,Shoppers Drug Mart,250 King Street West 
Kitchener,Shoppers Drug Mart,310 Fairway Road South 
Kitchener,Shoppers Drug Mart,235 Ira Needles Boulevard 
Kitchener,Sobeys Pharmacy,274 Highland Road West
Kitchener,Sobeys Pharmacy,1187 Fischer Hallman Road
Kitchener,Spark Pharmacy,535 Park Street
Kitchener,Victoria Wellness and Pharmacy,130 Victoria Street South
Kitchener,Weber Community Pharmacy,1360 Weber Street East
Kleinburg,Kleinburg Pharmacy,5-10462 Islington Avenue
Komoka,Instacare Pharmacy and Clinic,203-10166 Glendon Drive
Lakefield,Village Pharmacy,135 Queen Street
Lasalle,Essential Pharmacy,3-6525 Malden Road
Lasalle,Loblaw Pharmacy,5890 Malden Road 
Lasalle,Rexall,5881 Malden Road
Lasalle,Shoppers Drug Mart,2125 Front Road 
Leamington,Drug Store Pharmacy,201 Talbot Street East 
Leamington,Rexall,204-197 Talbot Street
Leamington,Shoppers Drug Mart,269 Erie Street South 
Leamington,Thomson Guardian Drugs,20 Talbot Street East
Lefroy,Lefroy Pharmacy,B-1311 Killarney Beach Road
Lindsay,Loblaw Pharmacy,400 Kent Street West 
Lindsay,Pharma Plus,57-401 Kent Street West
Lindsay,Rexall,86 Angeline Street South
Lindsay,Shoppers Drug Mart,74 Kent Street West 
Lindsay,Shoppers Drug Mart,341-343 Kent Street West 
Lindsay,Victoria Drug Mart,189 Kent Street West
Listowel,Listowel Care Pharmacy,975c Wallace Avenue North
Listowel,Shoppers Drug Mart,210 Wallace Avenue North 
Lively,Lively Pharmacy,605 Main Street
Lively,Loblaw Pharmacy,65 Regional Road 24 
London,Advanced Pharmacy,230 Victoria Street
London,Bellwood Pharmacy,14-900 Oxford Street East
London,Chapmans's Pharmacy,648-650 Dundas Street
London,Coulter's Guardian Pharmacy,1709 Dundas Street
London,Dini Ida Pharmacy,C02-785 Wonderland Road South
London,Drug Store Pharmacy,825 Oxford Street East 
London,Drug Store Pharmacy,1201 Oxford Street West 
London,Drug Store Pharmacy,7 Baseline Road East 
London,Drug Store Pharmacy,599 Fanshawe Park Road West 
London,Glenroy Pharmacy,3 Glenroy Road Unit 5
London,Loblaw Pharmacy,3040 Wonderland Road South 
London,Loblaw Pharmacy,1740 Richmond Street North 
London,Loblaw Pharmacy,635 Southdale Road East 
London,London Care Pharmacy,140 Oxford Street East
London,London Centre Pharmachoice,21-1080 Adelaide Street North
London,London Medical Pharmacy Base Line,25 Base Line Road West
London,London Medical Pharmacy Huron,1472 Huron Street
London,London Medical Pharmacy-Advantage Care Pharmacy Service,113-1135 Adelaide Street North
London,London Medical Plex Pharmacy,1807 Wonderland Road North
London,Luna Rx Guardian,130 Thompson Road
London,Medical Pharmacy,312 Oxford Street West
London,Medpoint Care Pharmacy,169-355 Wellington Street
London,Pharmasave-Adelaide North Pharmacy,5-1464 Adelaide Street North
London,Pond Mills Medical Pharmacy,1166 Commissioners Road East
London,Prescription Shop,268 Grosvenor Street
London,Prescription Shop 2,550 Wellington Road
London,Progressive Drug Mart,114-1920 Dundas Street
London,Progressive Drug Mart,1326 Huron Street Unit 2
London,Rexall,1795 Ernest Avenue
London,Rexall,1505 Highbury Avenue North
London,Rexall,1593 Adelaide Street North
London,Rexall,740 Hyde Park Road
London,Rexall,1240 Commissioners Road West
London,Rexall,350 Oxford Street East
London,Rexall,1551 Dundas Street East
London,Rexall,1375 Beaverbrook Avenue
London,Shoppers Drug Mart,467 Wharncliffe Road South
London,Shoppers Drug Mart,1365 Huron Street 
London,Shoppers Drug Mart,L104-1680 Richmond Street North 
London,Shoppers Drug Mart,142 Clarke Road 
London,Shoppers Drug Mart,1051 Wonderland Road South 
London,Shoppers Drug Mart,759 Adelaide Street North 
London,Shoppers Drug Mart,301 Oxford Street West 
London,Shoppers Drug Mart,100-431 Richmond Street 
London,Shoppers Drug Mart,900 Adelaide Street South 
London,Shoppers Drug Mart,1657 Dundas Street East 
London,Shoppers Drug Mart,1225 Wonderland Street North
London,Shoppers Drug Mart,603 Fanshawe Park Road West 
London,Shoppers Drug Mart,301 Oxford Street West 
London,Shoppers Drug Mart,1224 Commissioners Road West 
London,Shoppers Drug Mart,395 Southdale Road East Unit A
London,Shoppers Drug Mart,530 Commissioners Road West 
London,Shoppers Drug Mart,1155 Comissioners Road East 
London,Shoppers Drug Mart,1118 Adelaide Street North 
London,Shoppers Drug Mart,106-645 Commissioners Road 
London,Shoppers Drug Mart,1186 Oxford Street West 
London,Shoppers Drug Mart,3090 Colonel Talbot Road 
London,Shoppers Drug Mart,1105 Wellington Road 
London,Sobeys Pharmacy,661 Wonderland Road North
London,Springbank Pharmacy,390 Springbank Drive
London,Tmc Pharmacy,990 Gainsborough Road
London,Viscount Pharmacy,231 Wharncliffe Road South
London,Wonderland Pharmacy,1061 Wonderland Road South Unit 2
Long Sault,Long Sault Pharmacy,43 Long Sault Drive
Longlac,Rexall,101 King Street
Lucknow,Pharmasave,622 Campbell Street
Madoc,Johnston's Pharmacy,57 St. Lawrence Street East Rural Road 4
Mallorytown,Mallorytown Pharmacy and Health,1489 County Road 2
Manotick,Manotick Main Pharmacy,5-5556 Manotick Main Street
Manotick,Rexall,1160 Beaverwood Road
Manotick,Shoppers Drug Mart,5230 Mitch Owens Road 
Maple,Maple Guardian Pharmacy,2810 Major Mackenzie Drive
Maple,Shoppers Drug Mart,2943 Major Mackenzie Drive 
Maple,Shoppers Drug Mart,2266 Major Mackenzie Drive 
Maple,Shoppers Drug Mart,9980 Dufferin Street 
Marathon,Marathon Drug Associates,2 Hemlo Drive
Markham,A and J Pharmacy,1 Sun Yat Sen Avenue
Markham,Bur Oak Discount Pharmacy,20 Bur Oak Avenue Unit 6
Markham,Dales Pharmacy,377 Church Street
Markham,Drug Store Pharmacy,8601 Warden Avenue 
Markham,Drug Store Pharmacy,7075 Markham Road 
Markham,Drug Store Pharmacy,9305 Highway 48 
Markham,Edmund Pharmacy,8390 Kennedy Road Unit B4
Markham,Evergreen Drug Mart,7-2002 Middlefield Road
Markham,Freshco Pharmacy,9580 Mccowan Road
Markham,Health Care Pharmacy,18-19-8321 Kennedy Road
Markham,King Square Pharmacy,9390 Woodbine Avenue Unit 1e3
Markham,Loblaw Pharmacy,200 Bullock Drive 
Markham,Loblaw Pharmacy,15900 Bayview Avenue 
Markham,Markham Healthplex Pharmacy,5995 14th Avenue Unit A2b
Markham,Morelli's Pharmacy,98 Copper Creek Drive
Markham,New Markham Pharmacy,101-9500 Markham Road
Markham,Prorenata Pharmacy,13 Ivanhoe Drive
Markham,Rexall,90 Copper Creek Drive
Markham,Safa Pharmacy,16a Main Street North
Markham,Shoppers Drug Mart,2015-5000 Highway 7 East 
Markham,Shoppers Drug Mart,6579 Highway 7 
Markham,Shoppers Drug Mart,9255 Woodbine Avenue 
Markham,Shoppers Drug Mart,5762 Highway 7 Unit 1 
Markham,Shoppers Drug Mart,1661 Denison Street 
Markham,Shoppers Drug Mart,7060 Warden Avenue 
Markham,Shoppers Drug Mart,8601 Warden Avenue
Markham,Shoppers Drug Mart,9620 Mccowan Road Rural Road 1 
Markham,Shoppers Drug Mart,7700 Markham Road 
Markham,Shoppers Drug Mart,1730 Bur Oak Avenue 
Markham,Shoppers Drug Mart,2920 Major Mackenzie Drive East 
Markham,Upper Village Pharmacy,102-9500 Markham Road
Markham,Warden Pharmacy,119-30 Gibson Drive
Matheson,Willis Pharmacy,414 Fifth Avenue
Maxville,Maxville Pharmacy,15 Main Street South
Meaford,Meaford Ida Pharmacy,3-334 Sykes Street
Meaford,Rexall,54 Sykes Street North
Merrickville,Merrickville Pharmacy,105 Broadway Street
Midland,Loblaw Pharmacy,9292 Highway 93 
Midland,Shoppers Drug Mart,9186 Highway 93 
Midland,Shoppers Drug Mart,240 Penetang Road
Milton,Loblaw Pharmacy,820 Main Street East 
Milton,Origins Pharmacy Milton,2-3 725 Bronte Street South
Milton,Rexall,6541 Derry Road
Milton,Shoppers Drug Mart,104-265 Main Street East 
Milton,Shoppers Drug Mart,75 Nipissing Road 
Milton,Shoppers Drug Mart,6951 Derry Road West Building B
Milton,Shoppers Drug Mart,1020 Kennedy Circle 
Milton,Sobeys Pharmacy,1035 Bronte Street South
Milton,Total Health Pharmacy,497 Laurier Avenue
Minden,Pharmasave,110 Bobcaygeon Road
Mississauga,Allwell Pharmacy,14-4665 Central Parkway East
Mississauga,Arc Pharmacy,3-2520 Eglinton Avenue West
Mississauga,Bristol Pharmacy,10b-512 Bristol Road West
Mississauga,Britannia Medical Pharmacy,9-5925 Grossbeak Drive
Mississauga,Britlin Pharmacy,5-5985 Rodeo Drive
Mississauga,Carerx Mississauga,2-2735 Matheson Boulevard East
Mississauga,Clarkson Pharmachoice,1865 Lakeshore Road West
Mississauga,Cliffway Pharmacy,2a-2560 Shepard Avenue
Mississauga,Courtesy Ida Pharmacy,1603 Clarkson Road North
Mississauga,Drug Store Pharmacy,6085 Creditview Road 
Mississauga,Drug Store Pharmacy,5970 Mclaughlin Road 
Mississauga,Drug Store Pharmacy,3050 Argentia Road 
Mississauga,Drug Store Pharmacy,620 Eglinton Avenue West 
Mississauga,Drug Store Pharmacy,1250 South Service Road 
Mississauga,Dundas Pharmacy,8-1133 Dundas Street East
Mississauga,Fieldgate Ida Pharmacy,3427 Fieldgate Drive
Mississauga,First Place Pharmacy,170 Queensway West Suite 101
Mississauga,Glen Gate Pharmacy,6-2385 Burnhamthorpe Road West
Mississauga,Glenn Huron Pharmacy,5-1 Glenn Hawthorne Boulevard
Mississauga,Green Bay Pharmacy and Medical Centre,3015 Winston Churchill Boulevard Unit 101a
Mississauga,Inter Pharmacy,295 Eglinton Avenue East Unit 9
Mississauga,Loblaw Pharmacy,5010 Glen Erin Drive 
Mississauga,Loblaw Pharmacy,250 Lakeshore Road West 
Mississauga,Loblaw Pharmacy,3045 Mavis Road 
Mississauga,Loblaw Pharmacy,2150 Burnhamthorpe Road 
Mississauga,Mavis Pharmacy,2-790 Burnhamthorpe Road
Mississauga,Meadowvale Pharmacy,9a-6750 Winston Churchill Boulevard
Mississauga,Meadowvale Prof Centre Pharmacy,6855 Meadowvale Town Centre Circle
Mississauga,Medisystem Pharmacy,4-5700 Keaton Crescent
Mississauga,Midnite Pharmacy,3025 Hurontario Street
Mississauga,Parkside Pharmacy,4062 Confederation Parkway
Mississauga,Pharma Docs +,4-348 Lakeshore Road East
Mississauga,Pharmasave,10 Main Street
Mississauga,Prime Medical Pharmacy,3-755 Queensway East
Mississauga,Rexall,377 Burnamthorpe Road East
Mississauga,Rexall,16-3221 Derry Road
Mississauga,Rexall,3100 Dixie Road
Mississauga,Rexall,1-1375 Southdown Road
Mississauga,Rexall,B7-1240 Eglinton Avenue West
Mississauga,Rexall,F001-6045 Creditview Road
Mississauga,Rexall,3010 Thomas Street
Mississauga,Shepherd Drug Mart,1474 Pickwick Drive Unit 5a
Mississauga,Sheridan Pharmacy,1960 Dundas Street West
Mississauga,Shoppers Drug Mart,2225 Erin Mills Parkway
Mississauga,Shoppers Drug Mart,2470 Hurontario Street
Mississauga,Shoppers Drug Mart,5100 Erin Mills Parkway 
Mississauga,Shoppers Drug Mart,6040 Glen Erin Drive 
Mississauga,Shoppers Drug Mart,1077 North Service Road 
Mississauga,Shoppers Drug Mart,920 Southdown Road 
Mississauga,Shoppers Drug Mart,720 Bristol Road West 
Mississauga,Shoppers Drug Mart,3029 Clayhill Road 
Mississauga,Shoppers Drug Mart,700 Burnhamthorpe Road East 
Mississauga,Shoppers Drug Mart,2126 Burnamthorpe Road West 
Mississauga,Shoppers Drug Mart,6975 Meadowvale Town Centre Circle
Mississauga,Shoppers Drug Mart,1-5425 Creditview Road 
Mississauga,Shoppers Drug Mart,4141 Dixie Road 
Mississauga,Shoppers Drug Mart,3163 Winston Churchill Boulevard 
Mississauga,Shoppers Drug Mart,321 Lakeshore Road West 
Mississauga,Shoppers Drug Mart,1585 Mississauga Valley Boulevard 
Mississauga,Shoppers Drug Mart,7235 Bellshire Gate 
Mississauga,Shoppers Drug Mart,7070 Mclaughlin Road 
Mississauga,Shoppers Drug Mart,1891 Rathburn Road East 
Mississauga,Shoppers Drug Mart,3980 Grand Park Drive 
Mississauga,Shoppers Drug Mart,579A Lakeshore Road East 
Mississauga,Shoppers Drug Mart,1125 Bloor Street East 
Mississauga,Shoppers Drug Mart,128 Queen Street South 
Mississauga,Shoppers Drug Mart,3476 Glen Erin Drive 
Mississauga,Shoppers Drug Mart,5035 Hurontario Street 
Mississauga,Shoppers Drug Mart,101-5602 Tenth Line West 
Mississauga,Shoppers Drug Mart,7205 Goreway Drive 
Mississauga,Shoppers Drug Mart,1-100 City Centre Drive 
Mississauga,Shoppers Drug Mart,3530 Derry Road East 
Mississauga,Shoppers Drug Mart,2000 Credit Valley Road 
Mississauga,The Chase Pharmacy,1675 The Chase Unit 1-2
Mississauga,Tomken Centre Pharmacy,925 Rathburn Road East
Mississauga,Truscott Pharmacy,2425 Truscott Drive
Mississauga,Unicare Pharmacy Of Mississauga,29-325 Central Parkway West
Mississauga,Van Mills Ida Pharmacy,D114-1900 Fowler Drive
Mississauga,Walmart Pharmacy,3155 Argentia Road
Mississauga,Walmart Pharmacy,5100 Erin Mills Parkway
Mississauga,Whole Health Pharmacy,106-250 Dundas Street
Mississauga,Winston Churchill and Dundas Pharmacy,3018 Winston Churchill Boulevard Unit 4
Mississauga,Woodland Village Pharmacy,3353 Credit Woodlands
Mississauga,Yuan Ming Pharmacy,1000 Burnamthorpe Road West
Mitchell,Walther's Ida Pharmacy,40 Ontario Road
Moose Creek,Moose Creek Pharmacy,66 Sabourin Street
Mount Forest,Drug Store Pharmacy,504 Main Street North 
Napanee,Drug Store Pharmacy,450 Centre Street North 
Napanee,Rexall,470 Centre Street North
Napanee,Shoppers Drug Mart,2-10 Alkenbrack Street 
Nepean,Barrhaven Pharmacy,103-1221 Greenbank Road
Nepean,Cedarview Guardian Pharmacy,12-4100 Strandherd Drive
Nepean,Drug Store Pharmacy,3777 Strandherd Drive 
Nepean,Loblaw Pharmacy,59A Robertson Road 
Nepean,Loblaw Pharmacy,1980 Baseline Road 
Nepean,Loblaw Pharmacy,200 Grant Carman Drive 
Nepean,Rexall,350 Cresthaven Drive
Nepean,Rexall,2144 Robertson Road
Nepean,Rexall,106-900 Greenbank Road
Nepean,Rexall,1363b Woodroffe Avenue
Nepean,Shoppers Drug Mart,3781 Streetrandherd Drive 
Nepean,Shoppers Drug Mart,3151 Streetrandherd Drive 
Nepean,Strandherd Guardian Pharmacy,7-3091 Strandherd Drive
New Castle,Shoppers Drug Mart,1 King Avenue East 
New Hamburg,Cook's Pharmacy,75 Huron Street
New Hamburg,Loblaw Pharmacy,1540 Haysville Road 
New Liskeard,Findlay's Drugstore,247 Whitewood Avenue
New Liskeard,Loblaw Pharmacy,55 Scott Street 
Newcastle,Wilmot Creek Pharmacy,2-1 Wheelhouse Drive
Newmarket,College Manor Pharmacy and Wellness,883 Mulock Drive
Newmarket,Davis Drive Pharmacy,291 Davis Drive
Newmarket,Dixon Medical Pharmacy,106-531 Davis Drive
Newmarket,Holy Family Pharmacy,2-17120 Leslie Street
Newmarket,Loblaw Pharmacy,18120 Yonge Street 
Newmarket,Rexall,16900 Yonge Street
Newmarket,Robins Pharmacy,191 Main Street
Newmarket,Shoppers Drug Mart,1111 Davis Drive
Newmarket,Shoppers Drug Mart,20 Davis Drive 
Newmarket,Shoppers Drug Mart,17600 Yonge Street Unit B3
Newmarket,Shoppers Drug Mart,665 Stone Haven Avenue 
Newmarket,Shoppers Drug Mart,16639 Yonge Street 
Newmarket,United Care Specialty Pharmacy,16715 Yonge Street Unit 22b
Niagara Falls,Livewell Pharmacy,3531 Portage Road
Niagara Falls,Loblaw Pharmacy,6940 Morrison Street 
Niagara Falls,Medcare Drug Mart Niagara,E2-7555 Montrose Road
Niagara Falls,Rexall,6484 Lundy's Lane
Niagara Falls,Shoppers Drug Mart,3701 Portage Road Unit 1 
Niagara Falls,Shoppers Drug Mart,5125 Montrose Road 
Niagara Falls,Shoppers Drug Mart,6565 Lundy's Lane 
Niagara Falls,Shoppers Drug Mart,1-5175 Victoria Avenue 
Niagara Falls,Valley Way Pharmacy,6150 Valley Way Suite 103
Niagara On The Lake,Shoppers Drug Mart,111B Garrison Village Drive 
Nipigon,Rexall,54 Front Street
Nobleton,Nobleton Guardian Pharmacy,12931 Highway 27
Nobleton,Pharmasave,13305 York Regional Road 27
North Bay,Loblaw Pharmacy,1 Laurentian Avenue 
North Bay,Rexall,1205 Fisher Street
North Bay,Shoppers Drug Mart,276 Lakeshore Drive 
North Bay,Shoppers Drug Mart,2025 Cassells Street 
North Bay,Shoppers Drug Mart,66 Josephine Street 
North Gower,North Gower Pharmacy,7-2333 Church Street
North York,Atria Pharmacy,2187 Sheppard Avenue East
North York,Emery Village Pharmacy,C6-39 Abraham Welsh Road
North York,Humber Pharmacy,1017 Wilson Avenue
North York,Legacy Pharmacy,5-2035 Sheppard Avenue East
North York,North York General Hospital,4001 Leslie Street Main Floor
North York,Pharmasave,6043 Yonge Street
North York,Pharmasmart,104-220 Duncan Mill Road
North York,Q Pharmacy,101-50 Sheppard Avenue West
North York,Rexall,5150 Yonge Street
North York,True Light Pharmacy,3292 Bayview Avenue
North York,Weston Care Pharmacy,3214 Weston Road
North York,Wilson Pro Pharmacy,928 Wilson Avenue
Norwich,Shoppers Drug Mart,19 Stover Street North 
Oakville,Bronte Centre Pharmacy,78 Jones Street
Oakville,Clear View Pharmacy,A6-1140 Winston Churchill Boul
Oakville,Drug Store Pharmacy,173 Lakeshore Road West 
Oakville,Ford Drive Pharmacy,609 Ford Drive Unit 7
Oakville,Kerr Speers Pharaacy,496 Kerr Street
Oakville,Lifecare Rx Pharmacy,201 River Oaks Boulevard West Units 2-3
Oakville,Loblaw Pharmacy,493 Dundas Street West 
Oakville,Loblaw Pharmacy,201 Oak Park Boulevard 
Oakville,Palero Pharmacy,2525 Old Bronte Road Suite 100
Oakville,Rexall,523 Maple Grove Road
Oakville,Rexall,2441 Lakesshore Road West Unit 100
Oakville,Shoppers Drug Mart,351 Cornwall Road 
Oakville,Shoppers Drug Mart,550 Kerr Street 
Oakville,Shoppers Drug Mart,D5-1011 Upper Middle Road 
Oakville,Shoppers Drug Mart,109A-240 Leighland Avenue 
Oakville,Shoppers Drug Mart,1515 Rebeca Street 
Oakville,Shoppers Drug Mart,478 Dundas Street West 
Oakville,Shoppers Drug Mart,2501 Third Line 
Oakville,Shoppers Drug Mart,2297 Lakeshore Road West 
Oakville,Shoppers Drug Mart,2525 Prince Michael Drive 
Oakville,Sobeys Pharmacy,1500 Upper Middle Road
Odessa,Odessa Pharmacy,115 Main Street
Orangeville,Broadway Pharmacy,11-12 15 Brenda Boulevard
Orangeville,Drug Store Pharmacy,50 Fourth Avenue 
Orangeville,Rexall,520 Riddell Road
Orangeville,Shoppers Drug Mart,150 First Street 
Orangeville,Shoppers Drug Mart,25 Broadway Avenue 
Orangeville,Shoppers Drug Mart,489 Broadway 
Orillia,Drug Store Pharmacy,289 Coldwater Road 
Orillia,Fittons Pharmacy,20-425 West Street North
Orillia,Laclie Pharmacy,1-400 Laclie Street
Orillia,Rexall,58 Mississauga Street East
Orillia,Shoppers Drug Mart,149 Westmount Drive North 
Orillia,Shoppers Drug Mart,55 Front Street 
Orillia,Shoppers Drug Mart,119 Memorial Avenue 
Orleans,Innes Ida Pharmacy,101-4473 Innes Road
Orleans,Navan Medical Pharmacy,3349 Navan Road
Orleans,Orleans Integrative Pharmacy,501-3095 St. Joseph Boulevard
Orleans,Pharmacie Jean Coutu Pharmacy,2701 St Joseph Boulevard
Orleans,Pharmasave,5929 Jeanne D'arc Boulevard South
Orleans,Rexall,1615 Orleans Boulevard
Orleans,Rexall,160-110 Place D'orleans Drive
Orleans,Shoppers Drug Mart,1675 Tenth Line Road 
Orleans,Shoppers Drug Mart,3940 Innes Road 
Orleans,Shoppers Drug Mart,2954 St. Joesph Boulevard 
Orleans,Shoppers Drug Mart,1937 Portobello Boulevard 
Orleans,Shoppers Drug Mart,2301 Tenth Line Road 
Orleans,Taylor Creek Pharmacy,570 Lacolle Way
Orleans,Tompkins Ida Pharmacy,2-385 Tompkins Avenue
Osgoode,Osgoode Pharmacy,3192 Logan Farm Drive
Oshawa,Clinic Pharmacy,117 King Street East
Oshawa,Durham Care Pharmacy,460 King Street West
Oshawa,Intrepid Pharmacy,500-379 Bond Street West
Oshawa,King Ray Pharmacy,202 King Street East
Oshawa,Loblaw Pharmacy,1385 Harmony Road North 
Oshawa,Loblaw Pharmacy,481 Gibb Street 
Oshawa,North Oshawa Pharmacy,1400 Ritson Road North
Oshawa,Pharmachoice,97 King Street East
Oshawa,Pharmasave-Devon Pharmacy,360 Wilson Road South
Oshawa,Remedy's Rx O.M.C Pharmacy,675 King Street East
Oshawa,Rexall,438 King Street West
Oshawa,Shoppers Drug Mart,545 Rossland Road East 
Oshawa,Shoppers Drug Mart,20 Warren Avenue 
Oshawa,Shoppers Drug Mart,1-300 Taunton Road East 
Oshawa,Shoppers Drug Mart,199 Wentworth Street West 
Oshawa,Shoppers Drug Mart,784 Taunton Road East 
Oshawa,Shoppers Drug Mart,1130A-419 King Street West 
Oshawa,Shoppers Drug Mart,2045 Simcoe Street North 
Oshawa,Simcoe North Pharmacy,7a-1053 Simcoe Street North
Ottawa,Blossom Park Pharmacy,2928 Bank Street
Ottawa,Drug Store Pharmacy,190 Richmond Road 
Ottawa,Drug Store Pharmacy,3201 Greenbank Road 
Ottawa,Drug Store Pharmacy,2681 Alta Vista Drive 
Ottawa,Jockvale Pharmacy,A1-2201 Jockvale Road
Ottawa,Kilborn Pharmacy,1385 Bank Street
Ottawa,Loblaw Pharmacy,1980 Ogilvie Road 
Ottawa,Loblaw Pharmacy,4270 Innes Road 
Ottawa,Loblaw Pharmacy,1460 Merivale Road 
Ottawa,Loblaw Pharmacy,375 Rideau Street 
Ottawa,Loblaw Pharmacy,2210C Bank Street 
Ottawa,Loblaw Pharmacy,296 Bank Street 
Ottawa,Medical Pharmacy,770 Broadview Avenue
Ottawa,Merival Ida Pharmacy,1390 Clyde Avenue
Ottawa,Pleasant Park Pharmacy,1024 Pleasant Park Drive
Ottawa,Proactive Pharmacy,102-1645 Bank Street
Ottawa,Rexall,160 Elgin Street
Ottawa,Rexall,2950 Carling Avenue
Ottawa,Rexall,1415 Carling Avenue
Ottawa,Rexall,C-1725 Walkley Road
Ottawa,Rexall,753 Montreal Road
Ottawa,Rexall,2116 Montreal Road
Ottawa,Rexall,200 Rideau Street
Ottawa,Rexall,1910 St. Laurent Boulevard
Ottawa,Rexall,C102-240 Sparks Street
Ottawa,Rexall,2269 Riverside Drive East
Ottawa,Rexall,2121 Carling Avenue
Ottawa,Rexall,29-1620 Scott Street
Ottawa,Rexall,1a-1595 Merivale Road
Ottawa,Rexall,1190 Wellington Street
Ottawa,Rexall,407 Laurier Avenue West Unit 24-26
Ottawa,Rexall,2525 Carling Avenue
Ottawa,Riverside Court Remedy's Rx,7-3635 Rivergate Way
Ottawa,Shas Pharmacy,1428 Walkley Road
Ottawa,Shoppers Drug Mart,1200 Street Laurent Boulevard 
Ottawa,Shoppers Drug Mart,1-2148 Carling Avenue 
Ottawa,Shoppers Drug Mart,2339 Ogilvie Road 
Ottawa,Shoppers Drug Mart,888 Meadowlands Drive East 
Ottawa,Shoppers Drug Mart,2515 Bank Street 
Ottawa,Shoppers Drug Mart,1821 Robertson Road 
Ottawa,Shoppers Drug Mart,1642 Merivale Road 
Ottawa,Shoppers Drug Mart,1180 Walkley Road 
Ottawa,Shoppers Drug Mart,50 Rideau Street 
Ottawa,Shoppers Drug Mart,1469 Merivale Road 
Ottawa,Shoppers Drug Mart,1309 Carling Avenue 
Ottawa,Shoppers Drug Mart,3310 Mccarthy Road 
Ottawa,Shoppers Drug Mart,6491 Jeanne D'Arc Boulevard 
Ottawa,Shoppers Drug Mart,1559 Alta Vista Drive 
Ottawa,Shoppers Drug Mart,541 Montreal Road 
Ottawa,Shoppers Drug Mart,1460 Richmond Road 
Ottawa,Shoppers Drug Mart,150 Montreal Road 
Ottawa,Shoppers Drug Mart,3080 Carling Avenue 
Ottawa,Shoppers Drug Mart,410 Richmond Road 
Ottawa,Shoppers Drug Mart,1-4744 Bank Street 
Ottawa,Shoppers Drug Mart,455 Bank Street Unit 1
Ottawa,Shoppers Drug Mart,1080 Bank Street 
Ottawa,Shoppers Drug Mart,1582 Bank Street 
Ottawa,Shoppers Drug Mart,E-876 Montreal Road 
Ottawa,Shoppers Drug Mart,110-111 Albert Street 
Ottawa,Shoppers Drug Mart,174 Bank Street 
Ottawa,Shoppers Drug Mart,322 Rideau Street 
Ottawa,Shoppers Drug Mart,700-702 Bank Street 
Ottawa,Shoppers Drug Mart,298 Dalhousie Street 
Ottawa,Shoppers Drug Mart,181 Greenbank Road 
Ottawa,Shoppers Drug Mart,778 Bank Street 
Ottawa,Shoppers Drug Mart,2446 Bank Street 
Ottawa,Southkeys Pharmacy,1883 Bank Street
Ottawa,St. Mary Health Centre Pharmacy,2010 Trim Road
Ottawa,White Cross Dispensary,264 Elgin Street
Ottawa,Whole Health Pharmacy Glebe,857a Bank Street
Owen Sound,Drug Store Pharmacy,1020 10Th Street West 
Owen Sound,Loblaw Pharmacy,1150 16th Street East 
Owen Sound,Pharma Plus,963 Second Avenue East
Owen Sound,Rexall,1507-9th Avenue East
Owen Sound,Rexall,1415-1st Avenue West
Owen Sound,Shoppers Drug Mart,1183 16 Street East 
Owen Sound,Shoppers Drug Mart,100 10Th Street West 
Paris,Community Hub Pharmacy,25 Curtis Avenue North
Paris,Northville Pharmacy,300 Grand River Street North
Paris,Rexall,72 Grand River Street North
Parry Sound,Shoppers Drug Mart,90 Bowes Street 
Pembroke,Rexall,1100 Pembroke Street East
Pembroke,Rexall,215 Pembroke Street East
Pembroke,Shoppers Drug Mart,811 Pembroke Street East 
Penetanguishene,Shoppers Drug Mart,122 Main Street 
Perth,Perth Family Pharmacy,14 Isabelle Street
Perth,Shoppers Drug Mart,50 Dufferin Street 
Petawawa,Rexall,1011 Victoria Street
Petawawa,Shoppers Drug Mart,25 Civic Centre Road 
Peterborough,Loblaw Pharmacy,230 George Street North 
Peterborough,Loblaw Pharmacy,769 Borden Avenue 
Peterborough,Loblaw Pharmacy,400 Lansdowne Street East 
Peterborough,Medical Centre Pharmacy,707 Charlotte Street
Peterborough,New Day Pharmacy,226 Charlotte Street
Peterborough,Rexall,1154 Chemong Road
Peterborough,Rexall,85 George Street North
Peterborough,Shoppers Drug Mart,741 Lansdowne Street West 
Peterborough,Shoppers Drug Mart,250 Charlotte Street 
Peterborough,Shoppers Drug Mart,971 Chemong Road 
Peterborough,Shoppers Drug Mart,1875 Lansdowne Street West 
Peterborough,Shoppers Drug Mart,361 George Street North 
Peterborough,Sobeys Pharmacy,1200 Landsdowne Street West
Petrolia,Hogan Pharmacy,4177 Petrolia Line
Pickering,Altona Pharmacy,1870b Altona Road
Pickering,Loblaw Pharmacy,1792 Liverpool Road 
Pickering,Med Cure Pharmacy and Medical Clinic,2460 Brock Road
Pickering,Phaily Guardian Pharmacy,9a-1477 Bayly Street
Pickering,Rexall,1900 Dixie Road
Pickering,Rexall,28-29 1822 Whites Road
Pickering,Shoppers Drug Mart,1355 Kingston Road 
Pickering,Shoppers Drug Mart,650 Kingston Road 
Pickering,Shoppers Drug Mart,1105 Kingston Road 
Picton,Drug Store Pharmacy,13311 Loyalist Parkway City Road 33 
Picton,Pharma Plus,97 Main Street
Port Colborne,Shoppers Drug Mart,77 Clarence Street 
Port Elgin,Drug Store Pharmacy,1244 Highway 21 
Port Elgin,Rexall,466 Goderich Street
Port Elgin,Shoppers Drug Mart,A-1199 Goderich Street 
Port Hope,Health Centre Pharmacy,5-15 Henderson Street
Port Hope,Loblaw Pharmacy,20 Jocelyn Street 
Port Hope,Shoppers Drug Mart,249 Ontario Street 
Port Perry,Shoppers Drug Mart,1865 Scugog Street 
Prescott,Shoppers Drug Mart,231 King Street West
Renfrew,Aikenhead's Drug Store,226 Raglan Street South
Renfrew,Drug Store Pharmacy,680 O'Brien Road 
Renfrew,Rexall,339 Raglan Street South
Renfrew,Walmart Pharmacy,980 O'Brien Road Rural Road 1
Rexdale,Shih Pharmacy,2700 Kipling Avenue Unit 9
Richards Landing,Mackay's Island Pharmacy,1186 Richards Street
Richmond Hill,A and J Pharmacy,11211 Yonge Street
Richmond Hill,Allencourt Pharmacy,610 Major Mackenzie Drive East
Richmond Hill,Austin Pharmacy Richmond Hill,107-350 Highway 7 East
Richmond Hill,Drug Store Pharmacy,9325 Yonge Street 
Richmond Hill,Freshco Pharmacy,1430 Major Mackenzie Drive East
Richmond Hill,Hana Pharmacy,202-9737 Yonge Street
Richmond Hill,Loblaw Pharmacy,301 High Tech Road 
Richmond Hill,Loblaw Pharmacy,10909 Yonge Street 
Richmond Hill,My Private Pharmacy,4-80 West Beaver Creek
Richmond Hill,Neighbourhood Pharmacy,10323 Yonge Street
Richmond Hill,Rexall,13291 Yonge Street
Richmond Hill,Shoppers Drug Mart,10620 Yonge Street 
Richmond Hill,Shoppers Drug Mart,9275 Bayview Avenue 
Richmond Hill,Shoppers Drug Mart,13070 Yonge Street 
Richmond Hill,Shoppers Drug Mart,9350 Yonge Street 
Richmond Hill,Shoppers Drug Mart,8865 Yonge Street 
Richmond Hill,Shoppers Drug Mart,1070 Major Mackenzie Drive East 
Richmond Hill,Shoppers Drug Mart,118 Tower Hill Road 
Richmond Hill,Shoppers Drug Mart,9651 Yonge Street 
Richmond Hill,Shoppers Drug Mart,10800 Bayview Avenue 
Richmond Hill,Spadina Pharmacy,19-1 Spadina Road
Richmond Hill,Times Pharmacy,95d-550 Highway 7 East
Richmond Hill,Viva Health Pharmacy,9580 Yonge Street Unit 106
Ridgetown,Shoppers Drug Mart,22 Main Street West 
Ridgeway,Boggio and Edwards Ridgeway Ida,307 Ridge Road North
Ridgeway,Brodie's Drug Store,315 Ridge Road North
Ripley,Ripley Pharmacy,32 Queen Street
Rockland,Drug Store Pharmacy,2737 Laurier Street 
Rockland,Rockland Pharmacy,2768 Laurier Street
Rockland,Shoppers Drug Mart,2755 Laurier Street 
Rockwood,Rockwood Pharmacy,175 Alma Street
Saint Clements,Saint Clements Pharmacy,5-3650 Lobsinger Line
Saint Isidore,Pharmacie St. Isidore Pharmacy,2-4553 Ste Catherine Street
Sarnia,Hogan Pharmacy,481 London Road
Sarnia,Loblaw Pharmacy,600 Murphy Road 
Sarnia,Northgate Pharmacy,560 Exmouth Street
Sarnia,Rexall,697 Cathcart Boulevard
Sarnia,Shoppers Drug Mart,260 Indian Road 
Sarnia,Shoppers Drug Mart,510 Exmouth Street 
Sarnia,Shoppers Drug Mart,123 Mitton Street South 
Sarnia,Shoppers Drug Mart,1206 Michigan Avenue 
Sault Ste. Marie,Loblaw Pharmacy,44-50 Great Northern Road 
Sault Ste. Marie,Pharmasave,12-773 Great Northern Road
Sault Ste. Marie,Rexall,13 Second Line West
Sault Ste. Marie,Rexall,129 Trunk Road
Sault Ste. Marie,Shoppers Drug Mart,44 Great Northern Road 
Sault Ste. Marie,Shoppers Drug Mart,364 Second Line West 
Scarborough,A and J Pharmacy,2020 Mcnicoll Avenue
Scarborough,Al Shefa Pharmacy,3176 Eglinton Avenue East
Scarborough,Bellamy Pharmacy,1907 Ellesmere Road
Scarborough,Danforth Village Pharmacy,6-3400 Danforth Avenue
Scarborough,Ellesmere Healthcare Pharmacy,520 Ellesmere Road
Scarborough,Finch Discount Pharmacy,3852 Finch Avenue Unit G-01
Scarborough,Finch Midland Pharmacy,4190 Finch Avenue East
Scarborough,Freshco Pharmacy,2650 Lawrence Avenue East
Scarborough,Global Drug Mart,2-501 Pharmacy Avenue
Scarborough,Guardian Corporate Pharmacy,7-78 Corporate Drive
Scarborough,Guardian Sheppard Community Pharmacy,109-1265 Morningside Avenue
Scarborough,Guildview Pharmacy,4160 Kingston Road
Scarborough,Kennedy Lawrence Pharmacy,2300 Lawrence Avenue East Unit 6
Scarborough,Main Drug Mart,2560 Gerrard Street East
Scarborough,Medicine Shoppe,3005 Sheppard Avenue East
Scarborough,Mina Drug Store,1474 Kingston Road
Scarborough,Mmmc Pharmacy,12-3610 Mcnicoll Avenue
Scarborough,National Pharmacy,70 Melford Drive Unit 7
Scarborough,Newe Towne Medical Pharmacy,102-3420 Finch Avenue East
Scarborough,Noble Ida Pharmacy,2934 Eglington
Scarborough,Pharmasave,10-2425 Eastglinton Avenue East
Scarborough,Pharmazone Pharmacy,1069 Midland Avenue
Scarborough,Pharmore Pharmacy,2405 Eglington Avenue East
Scarborough,Popular Choice Pharmacy Birchwood,2600 Birchmount Road
Scarborough,Remedy's Lawrence Pharmacy,5-2683 Lawrence Avenue East
Scarborough,Rexall,4459 Kingston Road
Scarborough,Rexall,4040 Finch Avenue East
Scarborough,Rexall,103-2447 Kingston Road
Scarborough,Rexall,1127 Markham Road
Scarborough,Rexall,2682 Eglinton Avenue East
Scarborough,Rexall,3607 Sheppard Avenue East
Scarborough,Rexall,1371 Neilson Road
Scarborough,Rexall,3030 Lawrence Avenue East
Scarborough,St. Clair Midland Pharmacy,1-3655 St. Clair Avenue East
Scarborough,Sun Pharmacy,12-3833 Midland Avenue
Scarborough,Super Discount Pharmacy,111-2680 Lawrence Avenue East
Scarborough,Torrance Compounding Pharmacy,2650 Lawrence Avenue East Unit 3
Scarborough,Unique Care Pharmacy,6-2231 Victoria Park Avenue
Schomberg,Brownsville Guardian Drugs,17250 Highway 27 Unit 12
Sharbot Lake,Pharmasave,1036 Elizabeth Street
Shelburne,Caravaggio Ida Drugs,128 Main Street East
Shelburne,Drug Store Pharmacy,101 Second Line 
Simcoe,Drug Store Pharmacy,125 Queensway East 
Simcoe,Roulston's Pharmacy,65 Donly Drive North
Simcoe,Roulston's Pharmacy,17 Norfolk Street South
Simcoe,Shoppers Drug Mart,470 Norfolk Street 
Sioux Lookout,Rexall,60a Front Street
Smiths Falls,Drug Store Pharmacy,25 Ferrara Drive 
Smiths Falls,Rexall,2 Beckwith Street North
Smiths Falls,Rexall,91 Cornelia Street West
Smiths Falls,Shoppers Drug Mart,54 Beckwith Street North 
Smiths Falls,Smiths Falls Drug Mart,5b Main Street East
Smiths Falls,Smiths Falls Family Pharmacy,2-207 Brockville Street
Smithville,Smithville Pharmacy,102-128 St. Catharines Street
Southampton,Kristen's Pharmacy,3-197 Albert Street South
Southampton,Rexall,174 Albert Street South
St. Catharines,1st Place Pharmacy,D-300 Fourth Avenue
St. Catharines,Carlton Medical Centre Pharmacy,6-359 Carlton Street
St. Catharines,Drugsmart Pharmacy,9-605 Glenridge Avenue
St. Catharines,Glenridge Pharmacy,209 Glenridge Avenue
St. Catharines,Hauser's Pharmacy,1200 4th Avenue
St. Catharines,Healthmax Pharmacy,1-366 Bunting Road
St. Catharines,Loblaw Pharmacy,221 Glendale Avenue 
St. Catharines,Loblaw Pharmacy,285 Geneva Street
St. Catharines,Loblaw Pharmacy,411 Louth Street 
St. Catharines,Niagara Street Remedy's Rx,106-140 Niagara Street
St. Catharines,Ontario Street Pharmacy,E-318 Ontario Street
St. Catharines,Port Health Pharmacy,101 Lakeport Road
St. Catharines,Rexall,111 Queenston Street
St. Catharines,Shoppers Drug Mart,221 Glendale Avenue 
St. Catharines,Shoppers Drug Mart,22-286 Bunting Road 
St. Catharines,Shoppers Drug Mart,1-387 Scott Street 
St. Catharines,Shoppers Drug Mart,105 Lakeshore Road 
St. Catharines,Shoppers Drug Mart,275 Fourth Avenue 
St. Catharines,Shoppers Drug Mart,486-500 Grantham Avenue 
St. Catharines,Shoppers Drug Mart,125 Carlton Street Unit 8A
St. Catharines,Shoppers Drug Mart,245 Pelham Poad 
St. Catharines,Shoppers Drug Mart,600 Ontario Street 
St. Catharines,Shoppers Drug Mart,181 Hartzel Road 
St. Catharines,Sobeys Pharmacy,343 Glendale Avenue
St. Marys,Drug Store Pharmacy,780 Queen Street East
St. Marys,Hubbard Pharmacy,155 Queen Street East
St. Thomas,Drug Store Pharmacy,50-1063 Talbot Street 
St. Thomas,Shoppers Drug Mart,107 Edward Street 
St. Thomas,Shoppers Drug Mart,410 Talbot Street 
St. Thomas,Shoppers Drug Mart,204 First Avenue 
St. Thomas,Yurek Pharmacy,519 Talbot Street
Stayner,Pharmasave,7477 Highway 26
Stayner,Rx Drug Mart,7377 Highway 26
Stittsville,Drug Store Pharmacy,1251 Main Street 
Stittsville,Shoppers Drug Mart,1300 Stittsville Main Street 
Stittsville,Shoppers Drug Mart,5709 Hazeldean Road 
Stoney Creek,Fruitland Pharmacy,101-311 Fruitland Road
Stoney Creek,Health-Wise Pharmacy,2-15 Lockport Way
Stoney Creek,Loblaw Pharmacy,102 Highway 8 
Stoney Creek,Loblaw Pharmacy,21 Upper Centennial Parkway South 
Stoney Creek,Rexall,102 Highway 8
Stoney Creek,Shoppers Drug Mart,369-377 Highway 8 
Stoney Creek,Shoppers Drug Mart,1 King Street East 
Stoney Creek,Shoppers Drug Mart,140 Highway 8 
Stoney Creek,Shoppers Drug Mart,1-270 Mudd Street West 
Stouffville,Great North Pharmacy,155 Mostar Street Unit 4
Stouffville,Mostar Pharmacy,100-175 Mostar Street
Stouffville,Pharmasave,208-5892 Main Street
Stouffville,Rexall,101-5779 Main Street
Stouffville,Shoppers Drug Mart,5710 Main Street Unit 6-7
Stouffville,Shoppers Drug Mart,12277 10th Line 
Stratford,Drug Store Pharmacy,865 Ontario Street 
Stratford,Medical Pharmacy,342 Erie Street
Stratford,Shoppers Drug Mart,1-211 Ontario Street 
Stratford,Shoppers Drug Mart,511 Huron Street 
Stratford,West End Pharmacy,426 Huron Street
Strathroy,Loblaw Pharmacy,626 Victoria Street 
Strathroy,Shoppers Drug Mart,78 Front Street East 
Streetsville,Robinson's Ida Pharmacy,181 Queen Street South
Sturgeon Falls,Loblaw Pharmacy,12035 Highway 17 
Sudbury,Elgin Street Pharmacy,25 Elgin Street
Sudbury,Herman's Ida,240 Regent Street
Sudbury,Loblaw Pharmacy,1485 Lasalle Boulevard 
Sudbury,Loblaw Pharmacy,82 Lorne Street 
Sudbury,Rexall,848 Lasalle Boulevard
Sudbury,Rexall,117b Cedar Street
Sudbury,Rexall,555 Barrydown Road
Sudbury,Rexall,2009 Long Lake Road
Sudbury,Rexall,1975 Bancroft Drive
Sudbury,Shaw's Pharmacy,401 Frood Road
Sudbury,Shoppers Drug Mart,2015 Long Lake Road 
Sudbury,Shoppers Drug Mart,101-1349 Lasalle Boulevard 
Sudbury,Shoppers Drug Mart,86 Elm Street 
Sudbury,Shoppers Drug Mart,1935 Paris Street 
Sudbury,Shoppers Drug Mart,359 Riverside Drive Suite 112 
Sutton,Shoppers Drug Mart,20917 Dalton Road 
Tecumseh,Shoppers Drug Mart,1-500 Manning Road Rural Road 1
Tecumseh,Tmc Pharmacy,100-13278 Tecumseh Road East
Thorndale,Thorndale Pharmacy,21831 Fairview Road
Thornhill,Enhanced Care Pharmacy Thornhill,7335 Yonge Street
Thornhill,Freshco Pharmacy,800 Steeles Avenue West
Thornhill,Galleria Pharmacy,E1-7040 Yonge Street
Thornhill,Kia Pharmacy,1-302 John Street
Thornhill,Rexall,183-1 Promenade Circle
Thornhill,Shoppers Drug Mart,10 Royal Orchard Boulevard 
Thornhill,Shoppers Drug Mart,298 John Street 
Thornhill,Shoppers Drug Mart,441 Clark Avenue West 
Thornhill,Shoppers Drug Mart,8000 Bathurst Street 
Thornhill,Shoppers Drug Mart,2900 Steeles Avenue East 
Thornhill,Sunmed Pharmacy,10-248 Steeles Avenue West
Thornhill,Townsgate Pharmacy,2-7077 Bathurst Street
Thorold,Rexall,1a-9 Pine Street North
Thunder Bay,Carerx Thunder Bay,9-977 Alloy Drive
Thunder Bay,Freshco Pharmacy,70 North Court Street
Thunder Bay,Janzen's Pharmacy,296 Bay Street
Thunder Bay,Janzen's Pharmacy,129 West Frederica Street
Thunder Bay,Janzen's Pharmacy,504 North Edward Street
Thunder Bay,Janzen's Pharmacy,300 Lillie Street North
Thunder Bay,Loblaw Pharmacy,971 Carrick Street 
Thunder Bay,Rexall,100-1265 Arthur Street East
Thunder Bay,Safeway Pharmacy,1015 Dawson Road
Thunder Bay,Shoppers Drug Mart,572 West Arthur Street 
Thunder Bay,Shoppers Drug Mart,300 Memorial Avenue 
Thunder Bay,Shoppers Drug Mart,1186 Memorial Avenue 
Thunder Bay,Shoppers Drug Mart,900 Arthur Street East 
Thunder Bay,Shoppers Drug Mart,640 River Street 
Thunder Bay,Shoppers Drug Mart,425 North Edward Street 
Thunder Bay,Shoppers Drug Mart,194 North Court Street 
Thunder Bay,Shoppers Drug Mart,901 Red River Road 
Thunder Bay,Shoppers Drug Mart,320 Arundel Street 
Thunder Bay,Shoppers Drug Mart,151 Frederica Street West 
Tilbury,Shoppers Drug Mart,20 Mill Street West 
Tilbury,Tilbury Pharmacy,8 Queen Street North
Tillsonburg,Coward Pharmacy,165 Broadway Street
Tillsonburg,Shoppers Drug Mart,A-200 Broadway Street 
Timmins,Loblaw Pharmacy,654 Algonquin Boulevard East
Timmins,Rexall,119 Pine Street South
Timmins,Shoppers Drug Mart,227 Algonquin Boulevard West 
Timmins,Shoppers Drug Mart,681 Algonquin Boulevard East Unit 5 
Toronto,1 Clinic Rx Pharmacy,16 Yonge Street Unit K
Toronto,B. Well Pharmacy,262 Manitoba Street
Toronto,Bloom Pharmacy,268 Queens Quay West
Toronto,Bloordale Pharmacy,1290 Bloor Street West
Toronto,Blue Sky Pharmacy,1176-A St. Clair Avenue West
Toronto,Brmc Pharmacy,2-3333 Brimley Road
Toronto,Cassandra Pharmacy,2040 Victoria Park Avenue
Toronto,City Life Pharmacy,35 Lower Simcoe Street
Toronto,Daffodil Medical Pharmacy,655 Mccowan Road
Toronto,Danforth Neighbourhood Pharmac,2416 Danforth Avenue
Toronto,Deen Pharmacy,3852 Finch Avenue East Unit G1
Toronto,Deer Park Pharmacy,108-55 St. Clair Avenue West
Toronto,Demarco Pharmacy,2394 Keele Street
Toronto,Drug Store Pharmacy,220 Royal York Road 
Toronto,Drug Store Pharmacy,330 Queens Plate Drive 
Toronto,Drug Store Pharmacy,1530 Albion Road 
Toronto,Drug Store Pharmacy,1450 Lawrence Avenue East 
Toronto,Drug Store Pharmacy,70 Island Road 
Toronto,Drug Store Pharmacy,1880 Eglinton Avenue East 
Toronto,Drug Store Pharmacy,681 Silver Star Boulevard 
Toronto,Drug Store Pharmacy,825 Don Mills Road
Toronto,Drug Store Pharmacy,10 Lower Jarvis Street 
Toronto,Drug Store Pharmacy,3671 Dundas Street West 
Toronto,Drug Store Pharmacy,396 St. Clair Avenue West 
Toronto,Drug Store Pharmacy,700 Lawrence Avenue West 
Toronto,Drug Store Pharmacy,985 Woodbine Avenue 
Toronto,Drug Store Pharmacy,449 Carlaw Avenue 
Toronto,Drug Store Pharmacy,222 Lansdowne Avenue 
Toronto,Drug Store Pharmacy,25 Photography Circle
Toronto,Drug Store Pharmacy,650 Dupont Street 
Toronto,Drug Store Pharmacy,11 Redway Road 
Toronto,Drug Store Pharmacy,1591 Wilson Avenue 
Toronto,Duffern-Finch Pharmacy,C1-2 Champagne Drive
Toronto,Dundas West Village Pharmacy,2940 Dundas Street West
Toronto,Dundas-Euclid Pharmacy,828 Dundas Street West
Toronto,Forest Hill Pharmacy,102-491 Eglinton Avenue West
Toronto,Freshco Pharmacy,410 Bathurst Street
Toronto,Geriatrx Pharmacy,53 The Links Road Suite 200
Toronto,Health Care Mart,1173 Queen Street West
Toronto,Health Drugmart,105 Parkway Forest Drive
Toronto,Health Sheild Pharmacy,939 O'Connor Drive
Toronto,Healthshield Compounding Pharmacy,102-586 Eglinton Avenue East
Toronto,Healthshield Pharmacy,2-589 King Street East
Toronto,John and Weston Discount Drugs,17 John Street
Toronto,Kassel's Pharmacy Limited,396 Royal York Road
Toronto,Keele-Ingram Pharmacy,101-2221 Keele Street
Toronto,Kingsway Drugs,114 Cumberland Street
Toronto,Lakeside Pharmacy,2438 Lake Shore Boulevard West
Toronto,Leaside Community Pharmacy,795 Eglinton Avenue East
Toronto,Lingeman Pharmacy,411 Jane Street
Toronto,Loblaw Pharmacy,380 The East Mall 
Toronto,Loblaw Pharmacy,245 Dixon Road 
Toronto,Loblaw Pharmacy,3501 Yonge Street 
Toronto,Loblaw Pharmacy,6220 Yonge Street 
Toronto,Loblaw Pharmacy,3401 Lawrence Avenue East 
Toronto,Loblaw Pharmacy,1775 Brimley Road 
Toronto,Loblaw Pharmacy,2877 Bayview Avenue 
Toronto,Loblaw Pharmacy,200 Front Street East 
Toronto,Loblaw Pharmacy,585 Queen Street West 
Toronto,Loblaw Pharmacy,17 Leslie Street 
Toronto,Loblaw Pharmacy,60 Carlton Street 
Toronto,Loblaw Pharmacy,5095 Yonge Street 
Toronto,Loblaw Pharmacy,50 Musgrave Street 
Toronto,Loblaw Pharmacy,51 Gerry Fitzgerald Drive 
Toronto,Loblaw Pharmacy,2280 Dundas Street West 
Toronto,Loblaw Pharmacy,2549 Weston Road 
Toronto,Loblaw Pharmacy,1020 Islington Avenue 
Toronto,Main Drug Mart,2558 Danforth Avenue
Toronto,Main Drug Mart,2160 Weston Road
Toronto,Main Drug Mart,1100 Sheppard Avenue East Unit 105
Toronto,Main Drug Mart,7-1646 Victoria Park Avenue
Toronto,Main Drug Mart,1169 Dundas Street West
Toronto,Maple Leaf Medical Pharmacy,14 College Street
Toronto,Maple Leaf Medical Pharmacy,399 Church Street
Toronto,Medi-Place Pharmacy,622 College Street Unit 1a
Toronto,Medsexpert Pharmacy,461 Church Street
Toronto,Mimico Pharmacy,2408 Lake Shore Boulevard West
Toronto,Myhealth Pharmacy,3-3551 Sheppard Avenue East
Toronto,New Caledonia Pharmacy,600 Caledonia Road
Toronto,New Care Pharmacy,56 Westmore Drive
Toronto,Northcliffe Pharmacy,1751 Eglington Avenue West
Toronto,Nova Pharmacy,1674 Dufferin Street
Toronto,Odette Cancer Centre Pharmacy,T1-271 2075 Bayview Avenue
Toronto,One Community Pharmacy,347 Spadina Avenue
Toronto,One Medical Pharmacy,120-20 Wynford Drive
Toronto,Pacific Pharmacy Toronto,721 Gerrard Street East
Toronto,Pharmacare Drug Mart,891 Broadview Avenue
Toronto,Pharmacy.Ca,311 Sherbourne Street
Toronto,Pharmasave,825 Coxwell Avenue Room C114
Toronto,Pharmasave,3480 Lawrence Avenue East Unit A5
Toronto,Razi,101-212 Eglinton Avenue East
Toronto,Rexall,393 Spadina Road
Toronto,Rexall,285 Spadina Avenue
Toronto,Rexall,1093 Queen Street West
Toronto,Rexall,1820 Bayview Avenue
Toronto,Rexall,807 Broadview Avenue
Toronto,Rexall,63 Wellesley Street East
Toronto,Rexall,539 Parliament Street
Toronto,Rexall,595 Bay Street
Toronto,Rexall,2-4789 Yonge Street
Toronto,Rexall,2300 Yonge Street
Toronto,Rexall,474 Spadina Avenue
Toronto,Rexall,120-250 University Avenue
Toronto,Rexall,1421 Dundas Street West
Toronto,Rexall,1245 Dupont Street
Toronto,Rexall,901 Eglinton Avenue West
Toronto,Rexall,C186-199 Bay Street
Toronto,Rexall,3-345 Bloor Street
Toronto,Rexall,325 Moore Avenue
Toronto,Rexall,C216-777 Bay Street
Toronto,Rexall,200-200 Wellingston Street West
Toronto,Rexall,R28-120 Adelaide Street West
Toronto,Rexall,3402 Yonge Street
Toronto,Rexall,Cn1038-1 First Canadian Place
Toronto,Rexall,63 Front Street East
Toronto,Rexall,88 Queens Quay West
Toronto,Rexall,76 Grenville Street
Toronto,Rexall,1235 Wilson Avenue
Toronto,Rexall,C001-2 St. Clair Avenue East
Toronto,Rexall,440 Brown's Line
Toronto,Rexall,3701 Lakeshore Boulevard West
Toronto,Rexall,159 Yonge Street
Toronto,Rexall,1115 Wilson Avenue
Toronto,Rexall,87 Avenue Road
Toronto,Rexall,B-249 Mariee Avenue
Toronto,Rexall,600 University Avenue
Toronto,Rosedale Pharmacy,600 Sherbourne Street
Toronto,Sanomed Pharmacy and Compounding Centre,1000 Bay Street
Toronto,Shoppers Drug Mart,270 The Kingsway 
Toronto,Shoppers Drug Mart,123 Rexdale Boulevard 
Toronto,Shoppers Drug Mart,125 The Queensway 
Toronto,Shoppers Drug Mart,102-3730 Lake Shore Boulevard West
Toronto,Shoppers Drug Mart,201 Lloyd Manor Road 
Toronto,Shoppers Drug Mart,1735 Kipling Avenue Unit 2
Toronto,Shoppers Drug Mart,1-600 The East Mall 
Toronto,Shoppers Drug Mart,3010 Bloor Street West 
Toronto,Shoppers Drug Mart,415 The Westway 
Toronto,Shoppers Drug Mart,25 The West Mall 
Toronto,Shoppers Drug Mart,2850 Lakeshore Boulevard West
Toronto,Shoppers Drug Mart,1530 Albion Road 
Toronto,Shoppers Drug Mart,666 Burnhamthorpe Road 
Toronto,Shoppers Drug Mart,104-1525 Albion Road 
Toronto,Shoppers Drug Mart,598 Sheppard Avenue West
Toronto,Shoppers Drug Mart,2550 Finch Avenue West 
Toronto,Shoppers Drug Mart,6428 Yonge Street 
Toronto,Shoppers Drug Mart,2901 Bayview Avenue Unit 7A 
Toronto,Shoppers Drug Mart,1597 Wilson Avenue 
Toronto,Shoppers Drug Mart,3110 Bathurst Street 
Toronto,Shoppers Drug Mart,3975 Jane Street 
Toronto,Shoppers Drug Mart,5576 Yonge Street 
Toronto,Shoppers Drug Mart,5998 Bathurst Street 
Toronto,Shoppers Drug Mart,51 Underhill Drive 
Toronto,Shoppers Drug Mart,5899 Leslie Street 
Toronto,Shoppers Drug Mart,4841 Yonge Street L29-30
Toronto,Shoppers Drug Mart,2528 Bayview Avenue 
Toronto,Shoppers Drug Mart,101-701 Sheppard Avenue East 
Toronto,Shoppers Drug Mart,2794 Victoria Park Avenue 
Toronto,Shoppers Drug Mart,2428 Eglinton Avenue East 
Toronto,Shoppers Drug Mart,1400 Neilson Road 
Toronto,Shoppers Drug Mart,85 Ellesmere Road Unit 31
Toronto,Shoppers Drug Mart,2751 Eglinton Avenue East 
Toronto,Shoppers Drug Mart,1571 Sandhurst Circle 
Toronto,Shoppers Drug Mart,685 Mccowan Road 
Toronto,Shoppers Drug Mart,2900 Warden Avenue 
Toronto,Shoppers Drug Mart,629 Markham Road 
Toronto,Shoppers Drug Mart,2999 Kingston Road 
Toronto,Shoppers Drug Mart,2251 Lawrence Ave East
Toronto,Shoppers Drug Mart,300 Borough Drive 
Toronto,Shoppers Drug Mart,2355 Warden Avenue 
Toronto,Shoppers Drug Mart,2863 Ellesmere Road 
Toronto,Shoppers Drug Mart,5671 Steeles Avenue East 
Toronto,Shoppers Drug Mart,1235 Mccowan Road 
Toronto,Shoppers Drug Mart,2301 Kingston Road 
Toronto,Shoppers Drug Mart,A-1780 Markham Road 
Toronto,Shoppers Drug Mart,2330 Kennedy Road 
Toronto,Shoppers Drug Mart,91 Rylander Boulevard 
Toronto,Shoppers Drug Mart,2440 Dundas Street West 
Toronto,Shoppers Drug Mart,1500 Avenue Road 
Toronto,Shoppers Drug Mart,360A Bloor Street West 
Toronto,Shoppers Drug Mart,725 College Street 
Toronto,Shoppers Drug Mart,759 Mount Pleasant Road 
Toronto,Shoppers Drug Mart,1881 Steeles Avenue West 
Toronto,Shoppers Drug Mart,1084 Wilson Avenue 
Toronto,Shoppers Drug Mart,970 Queen Street East 
Toronto,Shoppers Drug Mart,265 Port Union Road 
Toronto,Shoppers Drug Mart,2345 Yonge Street 
Toronto,Shoppers Drug Mart,70 Eglinton Square Boulevard 
Toronto,Shoppers Drug Mart,523 Street Clair Avenue West 
Toronto,Shoppers Drug Mart,467 Parliament Street 
Toronto,Shoppers Drug Mart,3401 Dufferin Street
Toronto,Shoppers Drug Mart,1533 Jane Street 
Toronto,Shoppers Drug Mart,2343 Eglinton Avenue West 
Toronto,Shoppers Drug Mart,1027 Yonge Street 
Toronto,Shoppers Drug Mart,555 University Avenue
Toronto,Shoppers Drug Mart,1630 Danforth Avenue 
Toronto,Shoppers Drug Mart,550 Eglinton Avenue West 
Toronto,Shoppers Drug Mart,2000 Queen Street East 
Toronto,Shoppers Drug Mart,1090 King Street West 
Toronto,Shoppers Drug Mart,463 College Street 
Toronto,Shoppers Drug Mart,399 Bathurst Street
Toronto,Shoppers Drug Mart,20 Bloor Street East 
Toronto,Shoppers Drug Mart,770 Lawrence Avenue West 
Toronto,Shoppers Drug Mart,2494 Danforth Avenue 
Toronto,Shoppers Drug Mart,700 Bay Street Lucliffe Plaza
Toronto,Shoppers Drug Mart,220 Yonge Street Units 1-124B
Toronto,Shoppers Drug Mart,925 Eglinton Avenue West 
Toronto,Shoppers Drug Mart,3874 Bathurst Street 
Toronto,Shoppers Drug Mart,1515 Steeles Avenue East 
Toronto,Shoppers Drug Mart,3003 Danforth Avenue 
Toronto,Shoppers Drug Mart,4700 Keele Street
Toronto,Shoppers Drug Mart,620 Keele Street 
Toronto,Shoppers Drug Mart,3446 Dundas Street West 
Toronto,Shoppers Drug Mart,1995 Weston Road 
Toronto,Shoppers Drug Mart,45 Overlea Boulevard 
Toronto,Shoppers Drug Mart,1859 Leslie Street 
Toronto,Shoppers Drug Mart,1507 Yonge Street 
Toronto,Shoppers Drug Mart,812 O'Connor Drive 
Toronto,Shoppers Drug Mart,4865 Leslie Street 
Toronto,Shoppers Drug Mart,6205 Bathurst Street 
Toronto,Shoppers Drug Mart,1115 Lodestar Road Building E
Toronto,Shoppers Drug Mart,1012 Pape Avenue 
Toronto,Shoppers Drug Mart,465 Yonge Street 
Toronto,Shoppers Drug Mart,181 Bay Street 
Toronto,Shoppers Drug Mart,69 Yonge Street 
Toronto,Shoppers Drug Mart,900 Albion Road Building A Unit 1
Toronto,Shoppers Drug Mart,1473 Queen Street West 
Toronto,Shoppers Drug Mart,2223 Bloor Street West 
Toronto,Shoppers Drug Mart,1015 Lakeshore Boulevard East
Toronto,Shoppers Drug Mart,1601 Bayview Avenue 
Toronto,Shoppers Drug Mart,200 Bay Street 
Toronto,Shoppers Drug Mart,524 Queen Street West 
Toronto,Shoppers Drug Mart,755 Danforth Avenue 
Toronto,Shoppers Drug Mart,292 Dupont Street 
Toronto,Shoppers Drug Mart,66 Wellington Street West Unit 10
Toronto,Shoppers Drug Mart,761 King Street West 
Toronto,Shoppers Drug Mart,1400 Dupont Street 
Toronto,Shoppers Drug Mart,951 Bay Street Unit G-41 
Toronto,Shoppers Drug Mart,1840 Eglinton Avenue West 
Toronto,Shoppers Drug Mart,351 Queen Street East 
Toronto,Shoppers Drug Mart,180 Danforth Avenue 
Toronto,Shoppers Drug Mart,3366 Yonge Street 
Toronto,Shoppers Drug Mart,C2-5095 Yonge Street 
Toronto,Shoppers Drug Mart,2-15A Bathurst Street 
Toronto,Shoppers Drug Mart,728 Yonge Street 
Toronto,Shoppers Drug Mart,388 King Street West 
Toronto,Shoppers Drug Mart,1500 Woodbine Avenue 
Toronto,Shoppers Drug Mart,A-1033 Queen Street West 
Toronto,Shoppers Drug Mart,110-390 Queens Quay West
Toronto,Shoppers Drug Mart,101-1860 Bayview Avenue 
Toronto,Shoppers Drug Mart,40-565 Sherbourne Street 
Toronto,Shoppers Drug Mart,946 Lawrence Avenue East 
Toronto,Shoppers Drug Mart,18 Lower Jarvis Street 
Toronto,Shoppers Drug Mart,958 Bloor Street West 
Toronto,Shoppers Drug Mart,255 Morningside Avenue 
Toronto,Shoppers Drug Mart,279 Yonge Street 
Toronto,Shoppers Drug Mart,236 Bloor Street West 
Toronto,Shoppers Drug Mart,500 King Street West 
Toronto,Shoppers Drug Mart,2047 Avenue Road 
Toronto,Shoppers Drug Mart,333 Bay Street 
Toronto,Shoppers Drug Mart,1221-1223 St. Clair Avenue West 
Toronto,Shoppers Drug Mart,55 Bloor Street West 
Toronto,Shoppers Drug Mart,260 Queen Street West 
Toronto,Shoppers Drug Mart,593 Dundas Street East South Tower
Toronto,Shoppers Drug Mart,A-1285 York Mills Road 
Toronto,Shoppers Drug Mart,2206 Lakeshore Boulevard West
Toronto,Shoppers Drug Mart,2901 Sheppard Avenue East 
Toronto,Shoppers Drug Mart,25B Industrial Street 
Toronto,Shoppers Drug Mart,747 Don Mills Road Unit 12 
Toronto,Shoppers Drug Mart,101-235 Danforth Avenue 
Toronto,St. Gabriel Medical Pharmacy,650 Sheppard Avenue East
Toronto,Stanbury's Pharmacy,1032 Pape Avenue
Toronto,Symington Drugs,333 Symington Avenue
Toronto,The Healing Source Pharmacy,2209 Bloor Street
Toronto,The Palmerston Pharmacy and Homecare,499 College Street
Toronto,The Village Pharmacy,2518 Yonge Street
Toronto,Thorncliffe Pharmacy,106-65 Overlea Boulevard
Toronto,Thornlea Pharmacy,4a-62 Overlea Boulevard
Toronto,Ultima Pharmacy,311 Sheppard Avenue East
Toronto,Upper Beaches Pharmacy,102-952 Kingston Road
Toronto,Vina Pharmacy,1460 Queen Street West
Toronto,Welcome Guardian Drugs,137 Roncesvalles Avenue
Toronto,Weston Medical Centre Pharmacy,1953 Weston Road
Toronto,Yonge Drug Mart,104-2399 Yonge Street
Toronto,Zara's Pharmacy,1881 Gerrard Street East
Tottenham,Queen Care Pharmacy,29 Queen Street North
Tottenham,Well Health Pharmacy,"6668 3rd Line, Building A Unit B"
Trenton,Dundas Quinte Pharmacy,469-B Dundas Street West
Trenton,Loblaw Pharmacy,293 Dundas Street East 
Trenton,Rexall,109 Dundas Street East
Trenton,Shoppers Drug Mart,83 Dundas Street West 
Unionville,Shoppers Drug Mart,1-4630 Highway 7 East
Unionville,Unionville Guardian Pharmacy,101-9249 Kennedy Road
Uxbridge,Drug Store Pharmacy,323 Toronto Street South 
Uxbridge,Rexall,C-2 Elgin Park Drive
Uxbridge,Shoppers Drug Mart,232 Toronto Street South 
Uxbridge,Trail Capital Pharmacy,A35-2 Douglas Road
Val Caron,Rexall,3080 Highway 69 North
Vanier,Drug Store Pharmacy,100 Mcarthur Avenue 
Vanier,Pharmacie Jean Coutu,262 Montreal Road
Vanier,Vanier Ideal Pharmacy,100-292 Montreal Road
Vars,Ida Vars Medical Pharmacy,5875 Buckland Road
Vaughan,101 Medical Pharmacy,1520 Steeles Avenue West
Vaughan,Drug Store Pharmacy,3940 Highway 7 Rural Road 2 
Vaughan,Drug Store Pharmacy,2911 Major Mackenzie Drive 
Vaughan,Shoppers Drug Mart,9306 Bathurst Street Building 1 Unit A
Vaughan,Shoppers Drug Mart,3737 Major Mackenzie Drive 
Vaughan,Shoppers Drug Mart,1 Bass Pro Mills Drive 
Vaughan,Vaughan Neighborhood Pharmacy,68-3175 Rutherford Road
Vaughan,Venice Pharmacy,76-3530 Rutherford Road
Victoria Harbour,Tay Guardian Pharmacy,115 William Street
Virgil,Simpson's Pharmacy,1882 Niagara Stone Road
Walkerton,Brown's Guardian Pharmacy,331 Durham Street
Wallaceburg,Rexall,440 James Street
Wallaceburg,Shoppers Drug Mart,30 Macnaughton Avenue 
Wasaga Beach,Drug Store Pharmacy,25 45th Street South 
Wasaga Beach,Major's Guardian Pharmacy,9-587 River Road West
Wasaga Beach,Mini-Majors Pharmacy,14 Ramblewood Drive
Wasaga Beach,Shoppers Drug Mart,4-1900 Mosley Street 
Wateloo,Whole Health Woolwich Pharmacy,106-255 Woolwich Street
Waterdown,Loblaw Pharmacy,115 Hamilton Street North 
Waterdown,Shoppers Drug Mart,Ss4-255 Dundas Street East 
Waterdown,Waterdown Pharmacy,4-145 Hamilton Street North
Waterford,Rexall,792 Regional Road 24
Waterloo,Cooks Pharmacy,520 University Avenue Unit 101
Waterloo,Drug Store Pharmacy,315 Lincoln Road 
Waterloo,Loblaw Pharmacy,555 Davenport Road 
Waterloo,Loblaw Pharmacy,450 Erb Street West 
Waterloo,North Park Pharmacy,100-99 Northfield Drive
Waterloo,Northfield Pharmacy,9-465 Phillip Street
Waterloo,Pharmasave,G-645 Laurelwood Drive
Waterloo,Rexall,585 Weber Street
Waterloo,Rexall,425 University Avenue East
Waterloo,Shoppers Drug Mart,550 King Street North
Waterloo,Shoppers Drug Mart,658 Erb Street West 
Waterloo,Shoppers Drug Mart,190 Northfield Drive West 
Waterloo,Shoppers Drug Mart,42-43 75 King Street South 
Waterloo,Shoppers Drug Mart,50 Weber Street North 
Waterloo,Shoppers Drug Mart,600 Laurelwood Drive 
Waterloo,Sobeys Pharmacy,450 Columbia Street West
Waterloo,Waterloo Wellness Pharmacy,209 Lexington Road
Watford,Mclaren Pharmacy,5299 Nauvoo Road
Welland,Loblaw Pharmacy,821 Niagara Street North 
Welland,Rexall,200 Fitch Street Building East
Welland,Rexall,399 King Street
Welland,Rexall,325 Thorold Road West
Welland,Shoppers Drug Mart,825 Ontario Road 
Welland,Shoppers Drug Mart,H2-800 Niagara Street North
Welland,Shoppers Drug Mart,595 South Pelham Road 
Welland,Welland Pharmacy,601 East Main Street
Wendover,Pharmacie Wendover,8-3184 Avenue Du Quai
Weston,Rexall,250 Wincott Drive
Weston,Westlaw Pharmacy,1922 Weston Road
Whitby,East Whitby Pharmacy,1916 Dundas Street East 6
Whitby,Loblaw Pharmacy,200 Taunton Road West 
Whitby,Shoppers Drug Mart,1801 Dundas Street East 
Whitby,Shoppers Drug Mart,910 Dundas Street West 
Whitby,Shoppers Drug Mart,3100 Garden Street 
Whitby,Shoppers Drug Mart,4081 Thickson Road North 
Whitby,Shoppers Drug Mart,220 Taunton Road East 
Whitby,Shoppers Drug Mart,368 Brock Street South 
Wiarton,Mckenzie's Pharmacy,608 Berford Street
Willowdale,9-Eleven Drug Mart,6018 Yonge Street
Willowdale,Rexall,3555 Don Mills Road
Willowdale,Rexall,288 Sheppard Avenue East
Willowdale,Shoppers Drug Mart,1800 Sheppard Avenue East 
Windsor,Eastown Pharmacy,2050 Lauzon Road
Windsor,Essential Pharmacy W Windsor,2055 Huron Church Road
Windsor,Health Gate Pharmacy,810 Ouellette Avenue
Windsor,Loblaw Pharmacy,7201 Tecumseh Road East 
Windsor,Loblaw Pharmacy,4371 Walker Road 
Windsor,Loblaw Pharmacy,400 Manning Road 
Windsor,Loblaw Pharmacy,2430 Dougall Avenue 
Windsor,Parkway Medical Pharmacy,6711 Tecumseh Road East
Windsor,Pharmasave,1550 Huron Church Road Unit 6
Windsor,Rexall,1215 Ouellette Avenue
Windsor,Rexall,3840 Howard Avenue
Windsor,Rexall,1454 Ouellette Avenue
Windsor,Shoppers Drug Mart,T20-3100 Howard Avenue 
Windsor,Shoppers Drug Mart,11500 Tecumseh Road 
Windsor,Shoppers Drug Mart,6020 Malden Road 
Windsor,Shoppers Drug Mart,1675 Wyandotte Street West 
Windsor,Shoppers Drug Mart,100-1421 Grand Marais Road West 
Windsor,Shoppers Drug Mart,7720 Tecumseh Road East 
Windsor,Shoppers Drug Mart,2670 Tecumseh Road West 
Windsor,Shoppers Drug Mart,1270 Walker Road 
Windsor,Shoppers Drug Mart,600 Ouellette Avenue 
Windsor,Shoppers Drug Mart,7980 Menard Street 
Windsor,Shoppers Drug Mart,3950 Dougall Avenue 
Windsor,Shoppers Drug Mart,5050 Tecumseh Road East 
Windsor,Shoppers Drug Mart,4835 Wyandotte Street East 
Windsor,Shoppers Drug Mart,3970 Seminole Street 
Windsor,Shoppers Drug Mart,100-2109 Ottawa Street 
Windsor,Shoppers Drug Mart,500 Tecumseh Road East 
Windsor,Shoppers Drug Mart,1760 Huron Church Road 
Windsor,Sobeys Pharmacy,19 Amy Croft Drive
Windsor,Walker Centre Pharmacy,3719 Walker Road
Windsor,Windsor Allergy Extracts,1407 Ottawa Street
Woodbridge,Loblaw Pharmacy,8585 Highway 27 Rural Road 3 
Woodbridge,Medbrands Ida Pharmacy,1-53 Woodbridge Avenue
Woodbridge,Pine Grove Pharmacy,101-8077 Islington Avenue
Woodbridge,Prima Care Pharmacy,9-9600 Islington Avenue
Woodbridge,Rexall,3900 Rutherford Road
Woodbridge,Shoppers Drug Mart,5100 Rutherford Road 
Woodbridge,Shoppers Drug Mart,9200 Weston Road Building C 
Woodbridge,Shoppers Drug Mart,4000 Highway 7 
Woodbridge,Shoppers Drug Mart,5694 Highway 7 
Woodbridge,Weston Pharmacare,101-8333 Weston Road
Woodbridge,Woodstream Pharmacy,3-5451 Highway 7
Woodstock,All About Health,360 Norwich Avenue
Woodstock,Lakeview Pharmacy,2-805 Vansittart Avenue
Woodstock,Loblaw Pharmacy,969 Dundas Street 
Woodstock,Oxford Guardian Pharmacy,D-870 Queenston Boulevard
Woodstock,Princess Pharmacy,600 Princess Street 201
Woodstock,Rexall,379 Springbank Avenue North
Woodstock,Rexall,706 Dundas Street
Woodstock,Shoppers Drug Mart,959 Dundas Street East 
Woodstock,Shoppers Drug Mart,333 Dundas Street 
Woodstock,Springbank Dispensary Pharmasave,35 Springbank Avenue
Zurich,Zurich Pharmacy,11 Goshen Street North
